0.00000000,-38.88825000
0.00038147,-45.30148000
0.00076294,-49.27016000
0.00114441,-48.69118000
0.00152588,-51.97714000
0.00190735,-52.57543000
0.00228882,-58.21386000
0.00267029,-50.39298000
0.00305176,-48.73610000
0.00343323,-49.85704000
0.00381470,-60.01767000
0.00419617,-48.79221000
0.00457764,-52.30047000
0.00495911,-48.23638000
0.00534058,-41.39053000
0.00572205,-44.88187000
0.00610352,-51.11904000
0.00648499,-45.25874000
0.00686646,-42.26888000
0.00724792,-45.89596000
0.00762939,-35.78409000
0.00801086,-32.37402000
0.00839233,-18.17874000
0.00877380,-6.50970500
0.00915527,-0.81567140
0.00953674,0.06314395
0.00991821,-3.75443700
0.01029968,-13.08891000
0.01068115,-30.37033000
0.01106262,-34.63454000
0.01144409,-37.08386000
0.01182556,-38.46798000
0.01220703,-36.94482000
0.01258850,-37.92650000
0.01296997,-36.82318000
0.01335144,-34.03944000
0.01373291,-33.06244000
0.01411438,-24.51528000
0.01449585,-15.47922000
0.01487732,-9.76597200
0.01525879,-7.96333800
0.01564026,-10.06939000
0.01602173,-15.88931000
0.01640320,-24.25082000
0.01678467,-33.42331000
0.01716614,-38.99850000
0.01754761,-37.98033000
0.01792908,-54.62411000
0.01831055,-40.17248000
0.01869202,-47.73223000
0.01907349,-47.82662000
0.01945496,-49.85173000
0.01983643,-42.13828000
0.02021790,-52.40122000
0.02059937,-62.23903000
0.02098083,-50.66573000
0.02136230,-49.98275000
0.02174377,-49.07782000
0.02212524,-54.51188000
0.02250671,-53.76924000
0.02288818,-48.72987000
0.02326965,-46.21046000
0.02365112,-47.41701000
0.02403259,-45.32603000
0.02441406,-45.34079000
0.02479553,-50.66255000
0.02517700,-52.33209000
0.02555847,-54.62293000
0.02593994,-54.10205000
0.02632141,-53.76374000
0.02670288,-50.37477000
0.02708435,-54.99363000
0.02746582,-55.57297000
0.02784729,-58.55396000
0.02822876,-69.92132000
0.02861023,-61.42331000
0.02899170,-51.86485000
0.02937317,-50.20734000
0.02975464,-52.45232000
0.03013611,-52.87527000
0.03051758,-50.81553000
0.03089905,-49.53751000
0.03128052,-48.99139000
0.03166199,-48.62173000
0.03204346,-52.77916000
0.03242493,-60.16219000
0.03280640,-60.61121000
0.03318787,-59.72703000
0.03356934,-64.11051000
0.03395081,-63.88395000
0.03433228,-59.93660000
0.03471375,-53.77911000
0.03509521,-54.85065000
0.03547668,-65.32929000
0.03585815,-50.32368000
0.03623962,-46.44518000
0.03662109,-46.93858000
0.03700256,-51.78696000
0.03738403,-55.90283000
0.03776550,-51.95530000
0.03814697,-46.95572000
0.03852844,-45.32018000
0.03890991,-47.18242000
0.03929138,-53.45818000
0.03967285,-66.76109000
0.04005432,-60.01677000
0.04043579,-51.91341000
0.04081726,-48.98598000
0.04119873,-49.12663000
0.04158020,-49.24604000
0.04196167,-48.59305000
0.04234314,-51.35186000
0.04272461,-51.49982000
0.04310608,-51.44403000
0.04348755,-56.29787000
0.04386902,-62.29316000
0.04425049,-61.17733000
0.04463196,-63.20580000
0.04501343,-55.81791000
0.04539490,-48.28982000
0.04577637,-46.47282000
0.04615784,-46.95477000
0.04653931,-47.08347000
0.04692078,-45.69440000
0.04730225,-49.19657000
0.04768372,-51.05409000
0.04806519,-47.63520000
0.04844666,-50.14056000
0.04882813,-56.89521000
0.04920959,-72.64093000
0.04959106,-51.35866000
0.04997253,-47.25861000
0.05035400,-48.62056000
0.05073547,-50.51449000
0.05111694,-50.81524000
0.05149841,-48.88718000
0.05187988,-46.50476000
0.05226135,-46.96125000
0.05264282,-49.93039000
0.05302429,-53.37230000
0.05340576,-53.30867000
0.05378723,-52.90001000
0.05416870,-54.68874000
0.05455017,-60.19308000
0.05493164,-60.25924000
0.05531311,-53.96675000
0.05569458,-52.60487000
0.05607605,-54.47121000
0.05645752,-60.93842000
0.05683899,-65.61986000
0.05722046,-58.85981000
0.05760193,-63.31050000
0.05798340,-62.92099000
0.05836487,-53.22548000
0.05874634,-47.45329000
0.05912781,-45.47073000
0.05950928,-45.34258000
0.05989075,-46.09241000
0.06027222,-49.82980000
0.06065369,-65.07404000
0.06103516,-60.43291000
0.06141663,-62.60963000
0.06179810,-51.70532000
0.06217957,-48.31432000
0.06256104,-47.83290000
0.06294250,-49.77148000
0.06332397,-58.80281000
0.06370544,-55.30706000
0.06408691,-50.43033000
0.06446838,-49.98878000
0.06484985,-53.01115000
0.06523132,-60.77665000
0.06561279,-63.61114000
0.06599426,-56.45909000
0.06637573,-58.30179000
0.06675720,-63.93435000
0.06713867,-66.94047000
0.06752014,-59.38990000
0.06790161,-51.90379000
0.06828308,-48.82389000
0.06866455,-51.40331000
0.06904602,-65.67877000
0.06942749,-59.10225000
0.06980896,-56.42441000
0.07019043,-54.73677000
0.07057190,-54.06535000
0.07095337,-54.64202000
0.07133484,-53.83684000
0.07171631,-52.05694000
0.07209778,-51.67958000
0.07247925,-51.49186000
0.07286072,-49.90665000
0.07324219,-48.86514000
0.07362366,-49.72386000
0.07400513,-53.03142000
0.07438660,-58.97303000
0.07476807,-57.84048000
0.07514954,-54.43443000
0.07553101,-48.49800000
0.07591248,-45.93414000
0.07629395,-46.30616000
0.07667542,-48.63630000
0.07705688,-52.21083000
0.07743835,-53.04556000
0.07781982,-50.80661000
0.07820129,-50.88842000
0.07858276,-54.88152000
0.07896423,-64.39347000
0.07934570,-56.49611000
0.07972717,-53.54346000
0.08010864,-49.85164000
0.08049011,-47.42835000
0.08087158,-47.33494000
0.08125305,-48.02948000
0.08163452,-48.97202000
0.08201599,-48.99424000
0.08239746,-47.32233000
0.08277893,-48.03667000
0.08316040,-52.00351000
0.08354187,-53.63808000
0.08392334,-50.99194000
0.08430481,-56.35735000
0.08468628,-54.77642000
0.08506775,-49.80801000
0.08544922,-51.39389000
0.08583069,-51.67056000
0.08621216,-55.73304000
0.08659363,-69.93213000
0.08697510,-62.98688000
0.08735657,-58.36256000
0.08773804,-55.38177000
0.08811951,-53.20563000
0.08850098,-48.40595000
0.08888245,-43.99006000
0.08926392,-42.36049000
0.08964539,-43.37086000
0.09002686,-47.08286000
0.09040833,-51.78874000
0.09078979,-52.08733000
0.09117126,-51.78967000
0.09155273,-48.76432000
0.09193420,-47.89872000
0.09231567,-52.22514000
0.09269714,-63.96078000
0.09307861,-64.86761000
0.09346008,-60.78089000
0.09384155,-56.05136000
0.09422302,-52.05149000
0.09460449,-50.95149000
0.09498596,-51.74721000
0.09536743,-49.21342000
0.09574890,-45.46887000
0.09613037,-45.13439000
0.09651184,-49.48143000
0.09689331,-60.80136000
0.09727478,-64.46010000
0.09765625,-59.07128000
0.09803772,-51.79510000
0.09841919,-50.15019000
0.09880066,-53.97319000
0.09918213,-64.01003000
0.09956360,-54.05823000
0.09994507,-52.87010000
0.10032654,-56.70420000
0.10070801,-53.98589000
0.10108948,-50.58749000
0.10147095,-49.17462000
0.10185242,-49.11905000
0.10223389,-51.81153000
0.10261536,-53.04386000
0.10299683,-49.07758000
0.10337830,-49.69743000
0.10375977,-57.31289000
0.10414124,-57.21889000
0.10452271,-54.19605000
0.10490417,-56.19299000
0.10528564,-51.74307000
0.10566711,-51.48510000
0.10604858,-50.96561000
0.10643005,-47.60373000
0.10681152,-45.94677000
0.10719299,-46.33383000
0.10757446,-48.88577000
0.10795593,-55.00071000
0.10833740,-59.76681000
0.10871887,-55.40707000
0.10910034,-54.86246000
0.10948181,-57.06012000
0.10986328,-60.77093000
0.11024475,-54.87849000
0.11062622,-53.67801000
0.11100769,-56.46146000
0.11138916,-53.75415000
0.11177063,-56.89404000
0.11215210,-60.95192000
0.11253357,-56.40218000
0.11291504,-54.28759000
0.11329651,-51.94381000
0.11367798,-55.72088000
0.11405945,-64.74231000
0.11444092,-69.52637000
0.11482239,-56.02512000
0.11520386,-51.25447000
0.11558533,-53.76846000
0.11596680,-53.42311000
0.11634827,-52.51399000
0.11672974,-59.22195000
0.11711121,-66.13980000
0.11749268,-57.08919000
0.11787415,-54.92649000
0.11825562,-52.60173000
0.11863708,-50.18227000
0.11901855,-48.36448000
0.11940002,-46.24644000
0.11978149,-45.23753000
0.12016296,-46.90529000
0.12054443,-50.94241000
0.12092590,-54.57487000
0.12130737,-57.36015000
0.12168884,-55.12772000
0.12207031,-52.00930000
0.12245178,-52.54578000
0.12283325,-55.13903000
0.12321472,-55.00855000
0.12359619,-51.99165000
0.12397766,-50.50134000
0.12435913,-51.79655000
0.12474060,-56.54634000
0.12512207,-62.27249000
0.12550354,-61.60136000
0.12588501,-62.26140000
0.12626648,-52.52912000
0.12664795,-50.24014000
0.12702942,-48.42908000
0.12741089,-46.71452000
0.12779236,-47.93414000
0.12817383,-52.90591000
0.12855530,-63.62349000
0.12893677,-67.18838000
0.12931824,-63.96806000
0.12969971,-56.53107000
0.13008118,-56.94476000
0.13046265,-78.90183000
0.13084412,-61.76170000
0.13122559,-55.29406000
0.13160706,-48.17221000
0.13198853,-47.69337000
0.13237000,-55.10756000
0.13275146,-65.96832000
0.13313293,-55.86971000
0.13351440,-50.51247000
0.13389587,-49.59673000
0.13427734,-50.01346000
0.13465881,-47.80461000
0.13504028,-46.26491000
0.13542175,-47.81011000
0.13580322,-53.59290000
0.13618469,-61.07912000
0.13656616,-52.51434000
0.13694763,-48.84953000
0.13732910,-50.73837000
0.13771057,-62.99317000
0.13809204,-51.48920000
0.13847351,-47.02074000
0.13885498,-45.98758000
0.13923645,-46.91696000
0.13961792,-48.48647000
0.13999939,-48.73495000
0.14038086,-48.23079000
0.14076233,-48.22185000
0.14114380,-49.15841000
0.14152527,-51.66923000
0.14190674,-54.73843000
0.14228821,-55.50070000
0.14266968,-52.24428000
0.14305115,-50.44707000
0.14343262,-52.29157000
0.14381409,-53.91714000
0.14419556,-48.27008000
0.14457703,-46.27175000
0.14495850,-48.26667000
0.14533997,-54.40320000
0.14572144,-59.05273000
0.14610291,-56.60003000
0.14648438,-59.36607000
0.14686584,-62.27009000
0.14724731,-61.90493000
0.14762878,-69.24817000
0.14801025,-63.74155000
0.14839172,-60.59555000
0.14877319,-57.56488000
0.14915466,-55.24544000
0.14953613,-50.40049000
0.14991760,-47.64862000
0.15029907,-48.18752000
0.15068054,-51.96833000
0.15106201,-55.80877000
0.15144348,-53.79174000
0.15182495,-52.32019000
0.15220642,-51.83312000
0.15258789,-53.33458000
0.15296936,-58.41233000
0.15335083,-77.60273000
0.15373230,-59.50737000
0.15411377,-54.84191000
0.15449524,-53.72023000
0.15487671,-54.12595000
0.15525818,-57.54364000
0.15563965,-56.85523000
0.15602112,-50.08440000
0.15640259,-47.58148000
0.15678406,-47.15297000
0.15716553,-47.36608000
0.15754700,-48.32831000
0.15792847,-50.07626000
0.15830994,-50.82089000
0.15869141,-51.95621000
0.15907288,-58.60779000
0.15945435,-58.84199000
0.15983582,-50.79830000
0.16021729,-49.34129000
0.16059875,-50.01961000
0.16098022,-50.36674000
0.16136169,-51.34987000
0.16174316,-55.37650000
0.16212463,-63.77270000
0.16250610,-58.21494000
0.16288757,-56.04900000
0.16326904,-56.51712000
0.16365051,-57.88140000
0.16403198,-56.07681000
0.16441345,-56.90117000
0.16479492,-61.62484000
0.16517639,-63.91512000
0.16555786,-60.00319000
0.16593933,-55.85902000
0.16632080,-54.01852000
0.16670227,-53.85835000
0.16708374,-53.62285000
0.16746521,-55.32555000
0.16784668,-56.75353000
0.16822815,-57.74633000
0.16860962,-59.99742000
0.16899109,-61.31735000
0.16937256,-61.02048000
0.16975403,-64.69503000
0.17013550,-74.04607000
0.17051697,-65.36404000
0.17089844,-62.84312000
0.17127991,-69.75674000
0.17166138,-74.08807000
0.17204285,-59.85725000
0.17242432,-53.15414000
0.17280579,-51.83781000
0.17318726,-52.48948000
0.17356873,-51.88079000
0.17395020,-51.08533000
0.17433167,-52.26678000
0.17471313,-58.49616000
0.17509460,-63.55362000
0.17547607,-52.51590000
0.17585754,-49.11106000
0.17623901,-49.47853000
0.17662048,-52.45108000
0.17700195,-53.37135000
0.17738342,-52.18092000
0.17776489,-53.53804000
0.17814636,-59.24519000
0.17852783,-62.09267000
0.17890930,-53.62940000
0.17929077,-49.92041000
0.17967224,-52.08911000
0.18005371,-62.94029000
0.18043518,-62.75628000
0.18081665,-65.14436000
0.18119812,-54.35093000
0.18157959,-49.51027000
0.18196106,-47.75669000
0.18234253,-48.65394000
0.18272400,-53.52003000
0.18310547,-60.45061000
0.18348694,-60.89020000
0.18386841,-78.10018000
0.18424988,-59.79996000
0.18463135,-54.17659000
0.18501282,-50.18093000
0.18539429,-48.07153000
0.18577576,-47.27515000
0.18615723,-48.53699000
0.18653870,-54.22834000
0.18692017,-80.47351000
0.18730164,-59.06442000
0.18768311,-55.66288000
0.18806458,-52.96063000
0.18844604,-53.72240000
0.18882751,-60.88943000
0.18920898,-60.11934000
0.18959045,-55.52879000
0.18997192,-51.84487000
0.19035339,-50.80074000
0.19073486,-54.98699000
0.19111633,-66.30412000
0.19149780,-53.39730000
0.19187927,-50.18032000
0.19226074,-52.47522000
0.19264221,-63.80644000
0.19302368,-62.32018000
0.19340515,-62.74434000
0.19378662,-65.29588000
0.19416809,-53.97168000
0.19454956,-49.66600000
0.19493103,-48.51588000
0.19531250,-51.19567000
0.19569397,-58.83008000
0.19607544,-54.12769000
0.19645691,-49.67758000
0.19683838,-48.66311000
0.19721985,-50.91614000
0.19760132,-58.74430000
0.19798279,-57.33103000
0.19836426,-52.45348000
0.19874573,-51.07560000
0.19912720,-49.95396000
0.19950867,-49.11330000
0.19989014,-50.16748000
0.20027161,-53.69687000
0.20065308,-52.92660000
0.20103455,-50.56411000
0.20141602,-51.53946000
0.20179749,-50.93601000
0.20217896,-46.44207000
0.20256042,-45.03208000
0.20294189,-47.23808000
0.20332336,-53.88121000
0.20370483,-68.43794000
0.20408630,-53.91004000
0.20446777,-51.25156000
0.20484924,-53.51082000
0.20523071,-60.99434000
0.20561218,-63.47714000
0.20599365,-56.97617000
0.20637512,-53.81828000
0.20675659,-53.87369000
0.20713806,-53.91292000
0.20751953,-54.13520000
0.20790100,-55.05024000
0.20828247,-56.13426000
0.20866394,-58.09889000
0.20904541,-61.05629000
0.20942688,-65.03697000
0.20980835,-60.69530000
0.21018982,-60.00433000
0.21057129,-55.98309000
0.21095276,-58.63206000
0.21133423,-65.05434000
0.21171570,-57.72629000
0.21209717,-53.74675000
0.21247864,-50.60569000
0.21286011,-52.77246000
0.21324158,-63.12631000
0.21362305,-57.67547000
0.21400452,-60.14363000
0.21438599,-59.49100000
0.21476746,-51.13502000
0.21514893,-49.03839000
0.21553040,-52.40438000
0.21591187,-65.39874000
0.21629333,-56.56112000
0.21667480,-55.53848000
0.21705627,-64.19498000
0.21743774,-56.60656000
0.21781921,-50.94118000
0.21820068,-49.25811000
0.21858215,-48.98888000
0.21896362,-50.18342000
0.21934509,-51.97603000
0.21972656,-51.09867000
0.22010803,-49.91268000
0.22048950,-51.31092000
0.22087097,-53.61839000
0.22125244,-54.38465000
0.22163391,-53.13306000
0.22201538,-51.21761000
0.22239685,-51.07273000
0.22277832,-53.17255000
0.22315979,-53.71135000
0.22354126,-52.24522000
0.22392273,-53.48969000
0.22430420,-51.62314000
0.22468567,-48.52951000
0.22506714,-48.91833000
0.22544861,-53.05874000
0.22583008,-61.59726000
0.22621155,-54.11433000
0.22659302,-51.26171000
0.22697449,-53.30103000
0.22735596,-55.03394000
0.22773743,-54.02177000
0.22811890,-54.68041000
0.22850037,-52.99719000
0.22888184,-50.74653000
0.22926331,-51.66588000
0.22964478,-53.94065000
0.23002625,-54.18069000
0.23040771,-52.42873000
0.23078918,-54.09003000
0.23117065,-54.80310000
0.23155212,-53.01836000
0.23193359,-51.92177000
0.23231506,-50.29364000
0.23269653,-49.65355000
0.23307800,-50.55820000
0.23345947,-53.17035000
0.23384094,-55.32116000
0.23422241,-54.56063000
0.23460388,-52.22841000
0.23498535,-50.77170000
0.23536682,-52.00338000
0.23574829,-52.60405000
0.23612976,-48.94103000
0.23651123,-48.24100000
0.23689270,-49.95339000
0.23727417,-51.01132000
0.23765564,-50.28913000
0.23803711,-50.07931000
0.23841858,-49.59241000
0.23880005,-48.45390000
0.23918152,-48.78677000
0.23956299,-49.49077000
0.23994446,-51.09681000
0.24032593,-55.12766000
0.24070740,-61.32597000
0.24108887,-63.13540000
0.24147034,-58.58870000
0.24185181,-52.76615000
0.24223328,-51.07626000
0.24261475,-51.98727000
0.24299622,-53.15567000
0.24337769,-52.21737000
0.24375916,-50.35692000
0.24414063,-47.88800000
0.24452209,-47.19675000
0.24490356,-49.08546000
0.24528503,-53.15160000
0.24566650,-58.22583000
0.24604797,-59.32469000
0.24642944,-56.60102000
0.24681091,-56.99419000
0.24719238,-56.87041000
0.24757385,-51.27060000
0.24795532,-47.89420000
0.24833679,-47.57231000
0.24871826,-50.19872000
0.24909973,-56.37705000
0.24948120,-73.62724000
0.24986267,-54.09729000
0.25024414,-50.01463000
0.25062561,-49.64999000
0.25100708,-50.33803000
0.25138855,-50.52006000
0.25177002,-51.79763000
0.25215149,-54.70491000
0.25253296,-56.47266000
0.25291443,-61.57067000
0.25329590,-64.47020000
0.25367737,-60.85364000
0.25405884,-58.86478000
0.25444031,-54.62991000
0.25482178,-54.86683000
0.25520325,-67.57254000
0.25558472,-61.47520000
0.25596619,-61.92260000
0.25634766,-56.94073000
0.25672913,-52.80242000
0.25711060,-51.76635000
0.25749207,-53.38550000
0.25787354,-56.25250000
0.25825500,-56.52541000
0.25863647,-56.30644000
0.25901794,-60.29107000
0.25939941,-61.99437000
0.25978088,-58.22977000
0.26016235,-55.38168000
0.26054382,-54.67698000
0.26092529,-56.41199000
0.26130676,-61.25540000
0.26168823,-55.80883000
0.26206970,-51.64562000
0.26245117,-51.08599000
0.26283264,-52.13134000
0.26321411,-53.86409000
0.26359558,-57.17820000
0.26397705,-65.61304000
0.26435852,-56.40883000
0.26473999,-54.41857000
0.26512146,-58.99449000
0.26550293,-72.71201000
0.26588440,-61.71629000
0.26626587,-58.92126000
0.26664734,-56.98991000
0.26702881,-60.00693000
0.26741028,-64.37545000
0.26779175,-53.40655000
0.26817322,-52.30410000
0.26855469,-54.51266000
0.26893616,-57.08572000
0.26931763,-63.01326000
0.26969910,-58.34072000
0.27008057,-51.68918000
0.27046204,-51.72233000
0.27084351,-57.45429000
0.27122498,-63.50853000
0.27160645,-58.81094000
0.27198792,-52.86623000
0.27236938,-50.45041000
0.27275085,-50.90321000
0.27313232,-51.73103000
0.27351379,-50.76484000
0.27389526,-48.51772000
0.27427673,-47.99653000
0.27465820,-51.05778000
0.27503967,-59.85828000
0.27542114,-58.85785000
0.27580261,-59.21682000
0.27618408,-61.67781000
0.27656555,-58.84025000
0.27694702,-59.79543000
0.27732849,-55.57952000
0.27770996,-52.38188000
0.27809143,-52.08926000
0.27847290,-58.58675000
0.27885437,-59.82931000
0.27923584,-55.05402000
0.27961731,-56.39555000
0.27999878,-61.89439000
0.28038025,-60.72545000
0.28076172,-57.88277000
0.28114319,-56.71157000
0.28152466,-58.57642000
0.28190613,-69.75165000
0.28228760,-58.08086000
0.28266907,-53.37492000
0.28305054,-51.25534000
0.28343201,-50.59274000
0.28381348,-51.84911000
0.28419495,-52.24993000
0.28457642,-51.00697000
0.28495789,-52.95218000
0.28533936,-58.65313000
0.28572083,-64.25195000
0.28610229,-74.09964000
0.28648376,-59.20821000
0.28686523,-54.17908000
0.28724670,-56.28045000
0.28762817,-62.05463000
0.28800964,-62.93576000
0.28839111,-61.74483000
0.28877258,-64.81799000
0.28915405,-64.50912000
0.28953552,-72.94299000
0.28991699,-60.10651000
0.29029846,-53.40372000
0.29067993,-51.38130000
0.29106140,-51.93863000
0.29144287,-51.34231000
0.29182434,-49.74062000
0.29220581,-50.25736000
0.29258728,-54.16197000
0.29296875,-61.53705000
0.29335022,-55.80780000
0.29373169,-52.69896000
0.29411316,-54.68433000
0.29449463,-58.43056000
0.29487610,-57.76146000
0.29525757,-52.69683000
0.29563904,-48.64294000
0.29602051,-47.15871000
0.29640198,-48.16273000
0.29678345,-52.04883000
0.29716492,-60.52046000
0.29754639,-69.49299000
0.29792786,-63.35794000
0.29830933,-54.38568000
0.29869080,-51.51702000
0.29907227,-52.38505000
0.29945374,-57.79790000
0.29983521,-58.74082000
0.30021667,-53.48562000
0.30059814,-50.18011000
0.30097961,-48.53598000
0.30136108,-49.29689000
0.30174255,-53.48177000
0.30212402,-62.15126000
0.30250549,-71.13251000
0.30288696,-56.59765000
0.30326843,-52.81092000
0.30364990,-54.53880000
0.30403137,-73.93755000
0.30441284,-52.77446000
0.30479431,-48.14846000
0.30517578,-48.78112000
0.30555725,-51.28442000
0.30593872,-52.07863000
0.30632019,-51.53067000
0.30670166,-50.46949000
0.30708313,-49.38396000
0.30746460,-49.34460000
0.30784607,-52.28265000
0.30822754,-58.43832000
0.30860901,-58.49400000
0.30899048,-57.88008000
0.30937195,-61.54915000
0.30975342,-53.03348000
0.31013489,-51.83329000
0.31051636,-58.47526000
0.31089783,-49.90155000
0.31127930,-46.13045000
0.31166077,-45.87059000
0.31204224,-47.07956000
0.31242371,-49.00770000
0.31280518,-52.54063000
0.31318665,-59.16903000
0.31356812,-60.95869000
0.31394958,-59.27356000
0.31433105,-59.17153000
0.31471252,-59.24570000
0.31509399,-62.94250000
0.31547546,-69.97395000
0.31585693,-71.15800000
0.31623840,-60.89777000
0.31661987,-52.97463000
0.31700134,-50.16544000
0.31738281,-50.03318000
0.31776428,-52.73442000
0.31814575,-59.97630000
0.31852722,-71.63259000
0.31890869,-63.10949000
0.31929016,-60.33123000
0.31967163,-58.37434000
0.32005310,-56.98475000
0.32043457,-53.95745000
0.32081604,-51.95251000
0.32119751,-51.53002000
0.32157898,-50.14042000
0.32196045,-50.29206000
0.32234192,-53.74007000
0.32272339,-58.69637000
0.32310486,-64.75201000
0.32348633,-64.39384000
0.32386780,-59.43129000
0.32424927,-62.02443000
0.32463074,-58.76202000
0.32501221,-57.40572000
0.32539368,-62.57401000
0.32577515,-60.37066000
0.32615662,-60.37392000
0.32653809,-64.43041000
0.32691956,-53.01337000
0.32730103,-51.74363000
0.32768250,-54.03500000
0.32806396,-56.39692000
0.32844543,-56.80169000
0.32882690,-57.27822000
0.32920837,-62.35332000
0.32958984,-63.14617000
0.32997131,-54.30803000
0.33035278,-51.58985000
0.33073425,-52.34642000
0.33111572,-55.04433000
0.33149719,-58.17389000
0.33187866,-59.18069000
0.33226013,-59.15531000
0.33264160,-63.42580000
0.33302307,-63.35372000
0.33340454,-53.77673000
0.33378601,-51.71988000
0.33416748,-53.67881000
0.33454895,-63.48573000
0.33493042,-55.73351000
0.33531189,-49.03998000
0.33569336,-48.77045000
0.33607483,-52.26038000
0.33645630,-57.60754000
0.33683777,-64.95565000
0.33721924,-68.89924000
0.33760071,-58.35910000
0.33798218,-55.98011000
0.33836365,-54.52272000
0.33874512,-52.63451000
0.33912659,-52.75063000
0.33950806,-53.24288000
0.33988953,-49.93049000
0.34027100,-48.18302000
0.34065247,-48.50291000
0.34103394,-50.09686000
0.34141541,-53.19957000
0.34179688,-56.94564000
0.34217834,-54.79746000
0.34255981,-52.06608000
0.34294128,-53.47526000
0.34332275,-59.09079000
0.34370422,-64.63891000
0.34408569,-70.43207000
0.34446716,-62.18013000
0.34484863,-65.70052000
0.34523010,-58.79190000
0.34561157,-53.22384000
0.34599304,-50.72270000
0.34637451,-51.70592000
0.34675598,-58.29120000
0.34713745,-60.06575000
0.34751892,-57.59559000
0.34790039,-63.44206000
0.34828186,-64.66279000
0.34866333,-59.50829000
0.34904480,-58.03749000
0.34942627,-53.41188000
0.34980774,-49.99369000
0.35018921,-49.77505000
0.35057068,-52.15409000
0.35095215,-55.79846000
0.35133362,-58.28739000
0.35171509,-58.76070000
0.35209656,-60.08386000
0.35247803,-62.69971000
0.35285950,-60.26777000
0.35324097,-62.63264000
0.35362244,-66.68111000
0.35400391,-56.28935000
0.35438538,-54.23750000
0.35476685,-55.41853000
0.35514832,-61.00468000
0.35552979,-69.05526000
0.35591125,-63.27998000
0.35629272,-53.92122000
0.35667419,-50.59497000
0.35705566,-50.50907000
0.35743713,-52.65708000
0.35781860,-56.20390000
0.35820007,-58.83749000
0.35858154,-62.28637000
0.35896301,-72.38061000
0.35934448,-64.39567000
0.35972595,-69.64775000
0.36010742,-65.42393000
0.36048889,-55.09109000
0.36087036,-49.99721000
0.36125183,-47.59246000
0.36163330,-48.16518000
0.36201477,-53.42414000
0.36239624,-63.00027000
0.36277771,-55.05090000
0.36315918,-51.97942000
0.36354065,-49.41257000
0.36392212,-48.78456000
0.36430359,-51.92564000
0.36468506,-65.43115000
0.36506653,-56.12389000
0.36544800,-50.88528000
0.36582947,-50.94294000
0.36621094,-56.44944000
0.36659241,-64.95961000
0.36697388,-69.84602000
0.36735535,-58.74306000
0.36773682,-56.32638000
0.36811829,-62.99273000
0.36849976,-67.46286000
0.36888123,-60.33844000
0.36926270,-58.79573000
0.36964417,-68.33657000
0.37002563,-56.03027000
0.37040710,-53.84682000
0.37078857,-56.99512000
0.37117004,-58.75838000
0.37155151,-58.66283000
0.37193298,-61.47749000
0.37231445,-57.22556000
0.37269592,-55.36936000
0.37307739,-55.33686000
0.37345886,-55.35526000
0.37384033,-58.89966000
0.37422180,-69.58210000
0.37460327,-61.38731000
0.37498474,-60.34366000
0.37536621,-60.38597000
0.37574768,-61.32702000
0.37612915,-61.07346000
0.37651062,-59.35775000
0.37689209,-56.03873000
0.37727356,-54.14620000
0.37765503,-54.78229000
0.37803650,-54.56311000
0.37841797,-54.30827000
0.37879944,-55.08400000
0.37918091,-52.97331000
0.37956238,-55.15601000
0.37994385,-66.37878000
0.38032532,-52.35583000
0.38070679,-52.17592000
0.38108826,-64.36591000
0.38146973,-58.10947000
0.38185120,-56.41114000
0.38223267,-59.02927000
0.38261414,-64.54630000
0.38299561,-60.65762000
0.38337708,-60.77577000
0.38375854,-68.42563000
0.38414001,-68.20889000
0.38452148,-64.19137000
0.38490295,-70.60004000
0.38528442,-57.77010000
0.38566589,-53.91047000
0.38604736,-55.26134000
0.38642883,-54.03534000
0.38681030,-51.32471000
0.38719177,-53.07573000
0.38757324,-56.38773000
0.38795471,-54.91223000
0.38833618,-54.87059000
0.38871765,-56.03684000
0.38909912,-55.93562000
0.38948059,-55.60667000
0.38986206,-55.43870000
0.39024353,-55.49754000
0.39062500,-58.04902000
0.39100647,-67.01282000
0.39138794,-59.31516000
0.39176941,-56.69069000
0.39215088,-59.83600000
0.39253235,-56.89222000
0.39291382,-52.35173000
0.39329529,-51.38375000
0.39367676,-53.95641000
0.39405823,-62.02428000
0.39443970,-58.15128000
0.39482117,-53.93575000
0.39520264,-53.56909000
0.39558411,-55.70686000
0.39596558,-55.07318000
0.39634705,-53.80804000
0.39672852,-53.08811000
0.39710999,-53.44945000
0.39749146,-56.11662000
0.39787292,-57.89400000
0.39825439,-63.08715000
0.39863586,-60.94743000
0.39901733,-57.31268000
0.39939880,-57.51807000
0.39978027,-57.07313000
0.40016174,-57.01051000
0.40054321,-57.91103000
0.40092468,-57.26418000
0.40130615,-51.59644000
0.40168762,-48.66342000
0.40206909,-48.93032000
0.40245056,-51.33561000
0.40283203,-54.10757000
0.40321350,-56.16121000
0.40359497,-56.62085000
0.40397644,-56.59882000
0.40435791,-55.23428000
0.40473938,-53.21960000
0.40512085,-54.19936000
0.40550232,-57.27120000
0.40588379,-58.80184000
0.40626526,-55.34879000
0.40664673,-53.33073000
0.40702820,-53.70672000
0.40740967,-57.55449000
0.40779114,-65.62724000
0.40817261,-52.40673000
0.40855408,-49.92467000
0.40893555,-50.02876000
0.40931702,-51.52328000
0.40969849,-51.79137000
0.41007996,-53.02338000
0.41046143,-60.18534000
0.41084290,-61.92766000
0.41122437,-54.77934000
0.41160583,-49.89277000
0.41198730,-49.11980000
0.41236877,-53.29376000
0.41275024,-76.61795000
0.41313171,-55.14578000
0.41351318,-54.82864000
0.41389465,-64.02596000
0.41427612,-60.31815000
0.41465759,-58.98788000
0.41503906,-63.75238000
0.41542053,-57.46755000
0.41580200,-51.19705000
0.41618347,-49.33787000
0.41656494,-50.29438000
0.41694641,-54.00346000
0.41732788,-60.75960000
0.41770935,-60.22345000
0.41809082,-60.23823000
0.41847229,-68.26135000
0.41885376,-62.22783000
0.41923523,-57.81010000
0.41961670,-58.16887000
0.41999817,-56.17686000
0.42037964,-52.12483000
0.42076111,-50.88940000
0.42114258,-53.85210000
0.42152405,-59.96177000
0.42190552,-60.05451000
0.42228699,-57.14676000
0.42266846,-55.86745000
0.42304993,-57.15102000
0.42343140,-65.66974000
0.42381287,-69.97069000
0.42419434,-68.67576000
0.42457581,-66.60075000
0.42495728,-56.18687000
0.42533875,-51.91064000
0.42572021,-51.59297000
0.42610168,-51.86848000
0.42648315,-51.89645000
0.42686462,-53.51070000
0.42724609,-57.47240000
0.42762756,-61.54026000
0.42800903,-51.94904000
0.42839050,-48.05147000
0.42877197,-49.47054000
0.42915344,-60.32681000
0.42953491,-58.83336000
0.42991638,-59.80347000
0.43029785,-56.12991000
0.43067932,-49.74640000
0.43106079,-49.86362000
0.43144226,-52.69182000
0.43182373,-54.14821000
0.43220520,-53.55223000
0.43258667,-54.33664000
0.43296814,-56.85852000
0.43334961,-60.22294000
0.43373108,-62.52388000
0.43411255,-56.72300000
0.43449402,-59.57570000
0.43487549,-66.88004000
0.43525696,-59.44373000
0.43563843,-58.68689000
0.43601990,-55.61590000
0.43640137,-52.86013000
0.43678284,-53.45090000
0.43716431,-59.77803000
0.43754578,-63.01922000
0.43792725,-53.46342000
0.43830872,-51.37114000
0.43869019,-52.33061000
0.43907166,-56.23321000
0.43945313,-63.07240000
0.43983459,-55.86951000
0.44021606,-54.18404000
0.44059753,-57.63238000
0.44097900,-62.61002000
0.44136047,-59.67563000
0.44174194,-55.49278000
0.44212341,-54.90941000
0.44250488,-59.11217000
0.44288635,-60.53485000
0.44326782,-56.64546000
0.44364929,-55.72459000
0.44403076,-53.08246000
0.44441223,-52.55764000
0.44479370,-53.93913000
0.44517517,-53.62636000
0.44555664,-53.96838000
0.44593811,-54.58936000
0.44631958,-55.20031000
0.44670105,-58.61275000
0.44708252,-68.10075000
0.44746399,-60.61557000
0.44784546,-56.69859000
0.44822693,-55.57617000
0.44860840,-54.58981000
0.44898987,-53.03466000
0.44937134,-52.07809000
0.44975281,-54.54075000
0.45013428,-67.19946000
0.45051575,-60.84749000
0.45089722,-56.36438000
0.45127869,-54.06274000
0.45166016,-54.22022000
0.45204163,-54.52332000
0.45242310,-54.45101000
0.45280457,-56.39460000
0.45318604,-62.19113000
0.45356750,-63.74422000
0.45394897,-57.91796000
0.45433044,-56.45363000
0.45471191,-57.60743000
0.45509338,-58.23980000
0.45547485,-59.77318000
0.45585632,-61.29385000
0.45623779,-58.60365000
0.45661926,-55.26158000
0.45700073,-52.50948000
0.45738220,-51.64114000
0.45776367,-52.99709000
0.45814514,-55.66424000
0.45852661,-60.74718000
0.45890808,-71.98808000
0.45928955,-58.09590000
0.45967102,-55.84980000
0.46005249,-57.36198000
0.46043396,-59.83762000
0.46081543,-68.31500000
0.46119690,-56.97590000
0.46157837,-54.48216000
0.46195984,-56.51629000
0.46234131,-58.61526000
0.46272278,-66.42240000
0.46310425,-60.54618000
0.46348572,-55.61954000
0.46386719,-56.67864000
0.46424866,-61.23489000
0.46463013,-61.80241000
0.46501160,-57.56477000
0.46539307,-54.47934000
0.46577454,-53.90009000
0.46615601,-53.99977000
0.46653748,-56.99162000
0.46691895,-61.03735000
0.46730042,-60.67892000
0.46768188,-63.14565000
0.46806335,-72.99120000
0.46844482,-59.21439000
0.46882629,-61.40707000
0.46920776,-64.65891000
0.46958923,-59.27607000
0.46997070,-64.87373000
0.47035217,-65.90079000
0.47073364,-69.90999000
0.47111511,-58.68277000
0.47149658,-53.18848000
0.47187805,-52.54494000
0.47225952,-54.98144000
0.47264099,-61.13744000
0.47302246,-62.41061000
0.47340393,-54.66058000
0.47378540,-51.41371000
0.47416687,-50.47926000
0.47454834,-52.10048000
0.47492981,-61.48733000
0.47531128,-58.87281000
0.47569275,-54.16470000
0.47607422,-56.78562000
0.47645569,-62.65530000
0.47683716,-60.25392000
0.47721863,-57.00923000
0.47760010,-54.33268000
0.47798157,-51.98265000
0.47836304,-50.85987000
0.47874451,-50.93999000
0.47912598,-50.31271000
0.47950745,-49.70825000
0.47988892,-49.56381000
0.48027039,-50.03909000
0.48065186,-52.62705000
0.48103333,-61.73760000
0.48141479,-57.27607000
0.48179626,-52.52286000
0.48217773,-52.81906000
0.48255920,-54.17059000
0.48294067,-55.32938000
0.48332214,-54.88647000
0.48370361,-54.76726000
0.48408508,-56.33502000
0.48446655,-58.66417000
0.48484802,-58.26702000
0.48522949,-59.98595000
0.48561096,-82.77983000
0.48599243,-60.94195000
0.48637390,-60.64630000
0.48675537,-65.80530000
0.48713684,-67.41638000
0.48751831,-65.81015000
0.48789978,-74.73658000
0.48828125,-67.32106000
0.48866272,-63.15140000
0.48904419,-53.33860000
0.48942566,-51.15448000
0.48980713,-54.22173000
0.49018860,-65.58759000
0.49057007,-61.57557000
0.49095154,-55.57798000
0.49133301,-52.55756000
0.49171448,-50.45864000
0.49209595,-49.66045000
0.49247742,-51.92430000
0.49285889,-58.33039000
0.49324036,-55.61950000
0.49362183,-51.78748000
0.49400330,-51.94997000
0.49438477,-57.81244000
0.49476624,-56.93521000
0.49514771,-52.07874000
0.49552917,-56.38762000
0.49591064,-56.86481000
0.49629211,-49.73257000
0.49667358,-48.41049000
0.49705505,-50.43132000
0.49743652,-53.54052000
0.49781799,-54.84768000
0.49819946,-58.41290000
0.49858093,-75.04333000
0.49896240,-60.71296000
0.49934387,-59.05560000
0.49972534,-61.45831000
0.50010681,-58.39462000
0.50048828,-64.34830000
0.50086975,-61.37480000
0.50125122,-60.34831000
0.50163269,-73.01572000
0.50201416,-65.15756000
0.50239563,-60.36615000
0.50277710,-60.00628000
0.50315857,-63.01138000
0.50354004,-63.88324000
0.50392151,-61.92775000
0.50430298,-55.54488000
0.50468445,-54.70677000
0.50506592,-60.12261000
0.50544739,-62.03282000
0.50582886,-54.26789000
0.50621033,-53.77601000
0.50659180,-59.00348000
0.50697327,-60.37354000
0.50735474,-62.81674000
0.50773621,-62.82051000
0.50811768,-55.29203000
0.50849915,-58.82648000
0.50888062,-66.43874000
0.50926208,-58.89371000
0.50964355,-54.20809000
0.51002502,-51.30061000
0.51040649,-51.50267000
0.51078796,-55.93426000
0.51116943,-58.27230000
0.51155090,-54.07909000
0.51193237,-52.66422000
0.51231384,-52.78703000
0.51269531,-57.24080000
0.51307678,-71.50316000
0.51345825,-58.82512000
0.51383972,-56.49654000
0.51422119,-54.64539000
0.51460266,-53.75311000
0.51498413,-54.27524000
0.51536560,-53.75546000
0.51574707,-51.51975000
0.51612854,-50.81453000
0.51651001,-52.32206000
0.51689148,-53.11752000
0.51727295,-52.23777000
0.51765442,-53.64626000
0.51803589,-56.61051000
0.51841736,-55.13481000
0.51879883,-54.63324000
0.51918030,-58.56703000
0.51956177,-60.27917000
0.51994324,-56.95756000
0.52032471,-60.44904000
0.52070618,-73.39239000
0.52108765,-60.75591000
0.52146912,-54.28019000
0.52185059,-56.36731000
0.52223206,-62.50317000
0.52261353,-52.89204000
0.52299500,-48.92365000
0.52337646,-48.93108000
0.52375793,-50.08798000
0.52413940,-50.81402000
0.52452087,-53.24426000
0.52490234,-56.33034000
0.52528381,-54.58581000
0.52566528,-53.35518000
0.52604675,-51.83952000
0.52642822,-52.54204000
0.52680969,-56.50259000
0.52719116,-64.81105000
0.52757263,-68.43125000
0.52795410,-59.79959000
0.52833557,-54.78967000
0.52871704,-52.96873000
0.52909851,-53.83833000
0.52947998,-58.59053000
0.52986145,-66.30935000
0.53024292,-58.60979000
0.53062439,-53.85355000
0.53100586,-52.02023000
0.53138733,-55.58805000
0.53176880,-70.72829000
0.53215027,-54.12884000
0.53253174,-52.88717000
0.53291321,-55.18488000
0.53329468,-53.92758000
0.53367615,-52.95956000
0.53405762,-57.84716000
0.53443909,-63.94737000
0.53482056,-56.44861000
0.53520203,-61.02085000
0.53558350,-69.82179000
0.53596497,-58.76231000
0.53634644,-56.35072000
0.53672791,-55.98614000
0.53710938,-59.47105000
0.53749084,-80.81817000
0.53787231,-60.79997000
0.53825378,-58.72974000
0.53863525,-57.40781000
0.53901672,-55.82240000
0.53939819,-56.19348000
0.53977966,-56.84792000
0.54016113,-54.04305000
0.54054260,-51.58106000
0.54092407,-54.50554000
0.54130554,-63.75568000
0.54168701,-66.04131000
0.54206848,-64.14007000
0.54244995,-60.80061000
0.54283142,-60.04263000
0.54321289,-63.85234000
0.54359436,-68.11264000
0.54397583,-61.99707000
0.54435730,-57.30202000
0.54473877,-54.56368000
0.54512024,-52.19423000
0.54550171,-51.76167000
0.54588318,-54.82771000
0.54626465,-60.68241000
0.54664612,-57.27040000
0.54702759,-56.39789000
0.54740906,-51.92706000
0.54779053,-50.35405000
0.54817200,-55.95316000
0.54855347,-55.21288000
0.54893494,-55.52110000
0.54931641,-55.26228000
0.54969788,-52.02939000
0.55007935,-52.86436000
0.55046082,-57.90456000
0.55084229,-62.67325000
0.55122375,-59.82206000
0.55160522,-54.54240000
0.55198669,-52.00170000
0.55236816,-54.08880000
0.55274963,-58.30846000
0.55313110,-56.99046000
0.55351257,-56.11480000
0.55389404,-57.31316000
0.55427551,-59.29340000
0.55465698,-59.95690000
0.55503845,-59.01198000
0.55541992,-61.28844000
0.55580139,-73.15121000
0.55618286,-57.41373000
0.55656433,-55.43126000
0.55694580,-57.22265000
0.55732727,-52.81736000
0.55770874,-49.96143000
0.55809021,-51.45411000
0.55847168,-56.73493000
0.55885315,-65.13525000
0.55923462,-64.82206000
0.55961609,-58.39890000
0.55999756,-55.90114000
0.56037903,-53.66699000
0.56076050,-52.90795000
0.56114197,-56.96989000
0.56152344,-62.30300000
0.56190491,-57.38874000
0.56228638,-58.95308000
0.56266785,-54.90589000
0.56304932,-54.31610000
0.56343079,-63.29592000
0.56381226,-58.97190000
0.56419373,-56.28151000
0.56457520,-57.18556000
0.56495667,-56.62200000
0.56533813,-55.47323000
0.56571960,-53.32229000
0.56610107,-52.27937000
0.56648254,-53.53362000
0.56686401,-58.99726000
0.56724548,-61.30722000
0.56762695,-55.10109000
0.56800842,-54.41634000
0.56838989,-54.43281000
0.56877136,-57.06414000
0.56915283,-62.35778000
0.56953430,-54.17268000
0.56991577,-52.66043000
0.57029724,-56.21396000
0.57067871,-61.48361000
0.57106018,-59.25173000
0.57144165,-54.75098000
0.57182312,-52.71418000
0.57220459,-54.11951000
0.57258606,-57.20615000
0.57296753,-61.40277000
0.57334900,-56.59402000
0.57373047,-55.46863000
0.57411194,-63.28251000
0.57449341,-58.58103000
0.57487488,-56.75105000
0.57525635,-56.41855000
0.57563782,-53.04501000
0.57601929,-49.76765000
0.57640076,-49.90780000
0.57678223,-56.27814000
0.57716370,-67.46806000
0.57754517,-61.15885000
0.57792664,-68.08286000
0.57830811,-55.38883000
0.57868958,-52.44958000
0.57907104,-53.34047000
0.57945251,-53.97084000
0.57983398,-53.57146000
0.58021545,-55.66294000
0.58059692,-62.32470000
0.58097839,-63.77128000
0.58135986,-57.69621000
0.58174133,-55.32630000
0.58212280,-55.78713000
0.58250427,-58.63359000
0.58288574,-64.22836000
0.58326721,-62.23863000
0.58364868,-56.24215000
0.58403015,-55.55213000
0.58441162,-54.27588000
0.58479309,-54.38351000
0.58517456,-61.84713000
0.58555603,-59.02224000
0.58593750,-53.69186000
0.58631897,-55.45629000
0.58670044,-58.84588000
0.58708191,-57.99237000
0.58746338,-55.86429000
0.58784485,-58.25981000
0.58822632,-54.31870000
0.58860779,-52.55203000
0.58898926,-54.45701000
0.58937073,-53.36582000
0.58975220,-51.05749000
0.59013367,-52.80743000
0.59051514,-60.37064000
0.59089661,-66.85538000
0.59127808,-61.83305000
0.59165955,-53.04941000
0.59204102,-52.32064000
0.59242249,-57.58147000
0.59280396,-66.88612000
0.59318542,-57.43993000
0.59356689,-62.52975000
0.59394836,-56.46821000
0.59432983,-49.54776000
0.59471130,-49.00822000
0.59509277,-50.90816000
0.59547424,-53.15147000
0.59585571,-58.23000000
0.59623718,-67.50625000
0.59661865,-56.64210000
0.59700012,-57.59823000
0.59738159,-72.47757000
0.59776306,-57.58459000
0.59814453,-58.87062000
0.59852600,-64.61011000
0.59890747,-55.53757000
0.59928894,-56.70930000
0.59967041,-64.78771000
0.60005188,-63.77697000
0.60043335,-54.64806000
0.60081482,-54.25735000
0.60119629,-63.05359000
0.60157776,-67.17000000
0.60195923,-63.47765000
0.60234070,-57.44160000
0.60272217,-51.43619000
0.60310364,-48.95587000
0.60348511,-51.08866000
0.60386658,-56.88999000
0.60424805,-54.71817000
0.60462952,-52.48928000
0.60501099,-48.74401000
0.60539246,-47.97330000
0.60577393,-51.26520000
0.60615540,-58.78514000
0.60653687,-59.29521000
0.60691833,-57.56486000
0.60729980,-59.20842000
0.60768127,-57.10231000
0.60806274,-54.15642000
0.60844421,-54.43171000
0.60882568,-61.79214000
0.60920715,-67.17583000
0.60958862,-62.12908000
0.60997009,-66.64301000
0.61035156,-62.99386000
0.61073303,-57.40286000
0.61111450,-55.23885000
0.61149597,-54.30687000
0.61187744,-54.50328000
0.61225891,-53.61076000
0.61264038,-51.80930000
0.61302185,-50.71659000
0.61340332,-51.61968000
0.61378479,-55.92498000
0.61416626,-67.95498000
0.61454773,-61.61584000
0.61492920,-60.51887000
0.61531067,-67.36836000
0.61569214,-71.74410000
0.61607361,-58.99758000
0.61645508,-53.54980000
0.61683655,-53.15168000
0.61721802,-55.62370000
0.61759949,-61.52927000
0.61798096,-76.41425000
0.61836243,-78.74065000
0.61874390,-58.87081000
0.61912537,-54.15583000
0.61950684,-53.66894000
0.61988831,-54.80072000
0.62026978,-55.41671000
0.62065125,-55.75081000
0.62103271,-57.09627000
0.62141418,-58.39941000
0.62179565,-58.54606000
0.62217712,-63.79203000
0.62255859,-56.28912000
0.62294006,-53.29586000
0.62332153,-58.77125000
0.62370300,-61.68724000
0.62408447,-54.85598000
0.62446594,-58.21196000
0.62484741,-69.15729000
0.62522888,-61.45151000
0.62561035,-60.08309000
0.62599182,-55.28086000
0.62637329,-52.72469000
0.62675476,-54.18200000
0.62713623,-57.60617000
0.62751770,-67.51393000
0.62789917,-59.56589000
0.62828064,-55.55319000
0.62866211,-54.30927000
0.62904358,-55.22095000
0.62942505,-61.44723000
0.62980652,-59.82611000
0.63018799,-56.90818000
0.63056946,-63.70575000
0.63095093,-77.16453000
0.63133240,-61.66809000
0.63171387,-57.19270000
0.63209534,-66.06197000
0.63247681,-59.90984000
0.63285828,-55.50675000
0.63323975,-55.35610000
0.63362122,-54.92251000
0.63400269,-57.60699000
0.63438416,-56.21165000
0.63476563,-52.89700000
0.63514709,-53.10604000
0.63552856,-56.90559000
0.63591003,-64.79686000
0.63629150,-61.16941000
0.63667297,-60.96903000
0.63705444,-62.70031000
0.63743591,-54.20533000
0.63781738,-52.58889000
0.63819885,-52.72786000
0.63858032,-53.65424000
0.63896179,-61.95880000
0.63934326,-62.41603000
0.63972473,-58.09744000
0.64010620,-60.39780000
0.64048767,-62.42851000
0.64086914,-56.41370000
0.64125061,-52.92553000
0.64163208,-54.90451000
0.64201355,-60.87721000
0.64239502,-59.75389000
0.64277649,-60.00721000
0.64315796,-66.21837000
0.64353943,-69.89327000
0.64392090,-57.75460000
0.64430237,-53.31833000
0.64468384,-53.92406000
0.64506531,-58.13487000
0.64544678,-57.80596000
0.64582825,-60.63324000
0.64620972,-67.23949000
0.64659119,-66.46277000
0.64697266,-62.91156000
0.64735413,-55.61421000
0.64773560,-52.77015000
0.64811707,-55.25602000
0.64849854,-56.51226000
0.64888000,-56.15693000
0.64926147,-55.32472000
0.64964294,-55.00257000
0.65002441,-56.29019000
0.65040588,-56.69736000
0.65078735,-53.61575000
0.65116882,-52.22702000
0.65155029,-53.83388000
0.65193176,-56.67664000
0.65231323,-57.54329000
0.65269470,-63.99727000
0.65307617,-57.99571000
0.65345764,-54.31096000
0.65383911,-54.26678000
0.65422058,-53.41984000
0.65460205,-51.49288000
0.65498352,-52.29572000
0.65536499,-57.12551000
0.65574646,-56.65210000
0.65612793,-56.10884000
0.65650940,-57.77678000
0.65689087,-56.86258000
0.65727234,-54.25064000
0.65765381,-52.11195000
0.65803528,-51.95266000
0.65841675,-54.34340000
0.65879822,-55.97408000
0.65917969,-56.69687000
0.65956116,-58.84426000
0.65994263,-56.08115000
0.66032410,-54.46747000
0.66070557,-54.67020000
0.66108704,-54.26942000
0.66146851,-55.88718000
0.66184998,-60.50675000
0.66223145,-58.28201000
0.66261292,-55.63723000
0.66299438,-52.93268000
0.66337585,-53.03135000
0.66375732,-57.81190000
0.66413879,-56.92849000
0.66452026,-53.48990000
0.66490173,-57.90911000
0.66528320,-56.60359000
0.66566467,-52.11050000
0.66604614,-52.95638000
0.66642761,-56.17721000
0.66680908,-62.65347000
0.66719055,-64.77387000
0.66757202,-61.21453000
0.66795349,-59.54456000
0.66833496,-57.75119000
0.66871643,-57.70725000
0.66909790,-60.49752000
0.66947937,-74.98218000
0.66986084,-70.67908000
0.67024231,-68.12428000
0.67062378,-66.94922000
0.67100525,-63.26288000
0.67138672,-62.77363000
0.67176819,-57.93440000
0.67214966,-54.28035000
0.67253113,-53.74470000
0.67291260,-56.72514000
0.67329407,-56.55812000
0.67367554,-53.61016000
0.67405701,-52.73056000
0.67443848,-51.87946000
0.67481995,-50.98174000
0.67520142,-51.41797000
0.67558289,-54.63033000
0.67596436,-59.78580000
0.67634583,-59.57467000
0.67672729,-57.31504000
0.67710876,-55.66430000
0.67749023,-55.37756000
0.67787170,-58.33164000
0.67825317,-65.51439000
0.67863464,-67.02911000
0.67901611,-54.79215000
0.67939758,-50.03095000
0.67977905,-48.87728000
0.68016052,-49.83574000
0.68054199,-50.91526000
0.68092346,-51.74588000
0.68130493,-53.90955000
0.68168640,-53.91880000
0.68206787,-50.73262000
0.68244934,-50.14594000
0.68283081,-52.86724000
0.68321228,-58.11444000
0.68359375,-55.40551000
0.68397522,-53.63671000
0.68435669,-50.65302000
0.68473816,-47.34123000
0.68511963,-47.26314000
0.68550110,-51.46143000
0.68588257,-66.19825000
0.68626404,-61.17645000
0.68664551,-59.43556000
0.68702698,-58.26674000
0.68740845,-58.76562000
0.68778992,-57.54927000
0.68817139,-61.84042000
0.68855286,-69.16171000
0.68893433,-62.47334000
0.68931580,-58.78952000
0.68969727,-53.51104000
0.69007874,-53.05956000
0.69046021,-54.67393000
0.69084167,-60.29940000
0.69122314,-55.91978000
0.69160461,-49.53911000
0.69198608,-48.93403000
0.69236755,-52.54014000
0.69274902,-62.27646000
0.69313049,-60.85521000
0.69351196,-55.83413000
0.69389343,-55.02450000
0.69427490,-54.33945000
0.69465637,-53.41850000
0.69503784,-55.72161000
0.69541931,-67.54913000
0.69580078,-63.93499000
0.69618225,-59.72337000
0.69656372,-57.57076000
0.69694519,-57.24872000
0.69732666,-62.76604000
0.69770813,-58.42290000
0.69808960,-57.01221000
0.69847107,-61.24107000
0.69885254,-53.42979000
0.69923401,-50.39403000
0.69961548,-50.85197000
0.69999695,-50.41682000
0.70037842,-50.95338000
0.70075989,-55.27154000
0.70114136,-56.44619000
0.70152283,-54.76235000
0.70190430,-55.95211000
0.70228577,-55.62075000
0.70266724,-53.53434000
0.70304871,-53.58769000
0.70343018,-56.02579000
0.70381165,-58.95764000
0.70419312,-59.26661000
0.70457458,-57.65168000
0.70495605,-58.55654000
0.70533752,-65.83253000
0.70571899,-63.07009000
0.70610046,-56.88494000
0.70648193,-65.21501000
0.70686340,-60.00744000
0.70724487,-57.23676000
0.70762634,-61.28374000
0.70800781,-56.67690000
0.70838928,-51.62494000
0.70877075,-53.15405000
0.70915222,-65.63500000
0.70953369,-56.22524000
0.70991516,-55.23460000
0.71029663,-57.32196000
0.71067810,-61.51668000
0.71105957,-61.21862000
0.71144104,-55.75269000
0.71182251,-51.80564000
0.71220398,-51.83062000
0.71258545,-54.53596000
0.71296692,-55.67826000
0.71334839,-56.15823000
0.71372986,-59.08893000
0.71411133,-55.74485000
0.71449280,-53.23313000
0.71487427,-51.91584000
0.71525574,-50.46127000
0.71563721,-50.17532000
0.71601868,-52.81673000
0.71640015,-61.55472000
0.71678162,-70.80232000
0.71716309,-70.53790000
0.71754456,-63.83594000
0.71792603,-56.05305000
0.71830750,-53.64416000
0.71868896,-54.73768000
0.71907043,-59.54357000
0.71945190,-56.26669000
0.71983337,-52.80756000
0.72021484,-53.98359000
0.72059631,-56.85612000
0.72097778,-59.59725000
0.72135925,-58.90476000
0.72174072,-53.59852000
0.72212219,-53.78887000
0.72250366,-57.88086000
0.72288513,-58.39137000
0.72326660,-58.70124000
0.72364807,-66.21629000
0.72402954,-65.59543000
0.72441101,-57.33778000
0.72479248,-55.70735000
0.72517395,-54.15903000
0.72555542,-49.24845000
0.72593689,-46.83382000
0.72631836,-47.52350000
0.72669983,-50.23596000
0.72708130,-52.63725000
0.72746277,-53.70518000
0.72784424,-57.93185000
0.72822571,-60.65043000
0.72860718,-54.56202000
0.72898865,-53.13479000
0.72937012,-54.72700000
0.72975159,-58.52518000
0.73013306,-62.19063000
0.73051453,-60.47129000
0.73089600,-56.84941000
0.73127747,-54.27142000
0.73165894,-54.10711000
0.73204041,-57.25628000
0.73242188,-63.52524000
0.73280334,-58.81115000
0.73318481,-54.90657000
0.73356628,-53.04535000
0.73394775,-52.35579000
0.73432922,-52.10212000
0.73471069,-52.56076000
0.73509216,-53.91688000
0.73547363,-55.97614000
0.73585510,-58.08092000
0.73623657,-59.11566000
0.73661804,-58.60309000
0.73699951,-59.52089000
0.73738098,-61.79075000
0.73776245,-55.59324000
0.73814392,-52.13504000
0.73852539,-53.33511000
0.73890686,-57.11029000
0.73928833,-56.15682000
0.73966980,-56.32866000
0.74005127,-64.63326000
0.74043274,-62.37598000
0.74081421,-58.36197000
0.74119568,-62.33323000
0.74157715,-72.75340000
0.74195862,-57.71915000
0.74234009,-52.41997000
0.74272156,-50.38967000
0.74310303,-50.10126000
0.74348450,-50.59109000
0.74386597,-51.47042000
0.74424744,-54.43863000
0.74462891,-54.61357000
0.74501038,-51.77765000
0.74539185,-52.90592000
0.74577332,-59.83656000
0.74615479,-81.41455000
0.74653625,-64.69512000
0.74691772,-59.13899000
0.74729919,-53.73673000
0.74768066,-50.66866000
0.74806213,-51.68003000
0.74844360,-56.38780000
0.74882507,-55.80080000
0.74920654,-54.18873000
0.74958801,-53.20782000
0.74996948,-53.27410000
0.75035095,-59.33868000
0.75073242,-58.79882000
0.75111389,-50.84776000
0.75149536,-51.72280000
0.75187683,-61.52969000
0.75225830,-62.47162000
0.75263977,-60.51368000
0.75302124,-59.77988000
0.75340271,-56.43431000
0.75378418,-63.44307000
0.75416565,-58.77481000
0.75454712,-52.32778000
0.75492859,-52.46906000
0.75531006,-55.44718000
0.75569153,-57.27188000
0.75607300,-55.46992000
0.75645447,-53.31805000
0.75683594,-52.09843000
0.75721741,-52.59250000
0.75759888,-55.88719000
0.75798035,-58.73436000
0.75836182,-61.77238000
0.75874329,-70.80424000
0.75912476,-65.46485000
0.75950623,-64.90866000
0.75988770,-60.17004000
0.76026917,-55.01197000
0.76065063,-54.99105000
0.76103210,-56.24852000
0.76141357,-57.27093000
0.76179504,-62.17684000
0.76217651,-56.04530000
0.76255798,-52.65392000
0.76293945,-54.25020000
0.76332092,-57.73382000
0.76370239,-58.44990000
0.76408386,-55.32928000
0.76446533,-52.79522000
0.76484680,-52.85506000
0.76522827,-54.02057000
0.76560974,-54.94618000
0.76599121,-55.18896000
0.76637268,-56.31773000
0.76675415,-56.73053000
0.76713562,-55.86629000
0.76751709,-58.05588000
0.76789856,-69.74588000
0.76828003,-59.23854000
0.76866150,-55.24330000
0.76904297,-55.81804000
0.76942444,-58.81119000
0.76980591,-68.75241000
0.77018738,-63.29124000
0.77056885,-57.22260000
0.77095032,-54.39325000
0.77133179,-52.05902000
0.77171326,-53.22650000
0.77209473,-55.71833000
0.77247620,-55.37973000
0.77285767,-54.47072000
0.77323914,-56.55703000
0.77362061,-62.18479000
0.77400208,-60.86961000
0.77438354,-54.23161000
0.77476501,-52.15227000
0.77514648,-55.00315000
0.77552795,-67.42184000
0.77590942,-61.22704000
0.77629089,-55.57403000
0.77667236,-56.77694000
0.77705383,-61.33196000
0.77743530,-59.48563000
0.77781677,-55.09914000
0.77819824,-52.23168000
0.77857971,-52.91499000
0.77896118,-55.98617000
0.77934265,-57.97562000
0.77972412,-55.03337000
0.78010559,-54.35174000
0.78048706,-59.97395000
0.78086853,-65.05717000
0.78125000,-60.68357000
0.78163147,-60.42228000
0.78201294,-58.71094000
0.78239441,-62.58224000
0.78277588,-60.84083000
0.78315735,-59.52721000
0.78353882,-61.22781000
0.78392029,-60.78896000
0.78430176,-53.52412000
0.78468323,-51.67924000
0.78506470,-56.25064000
0.78544617,-76.49587000
0.78582764,-70.37730000
0.78620911,-62.94637000
0.78659058,-56.15410000
0.78697205,-57.37811000
0.78735352,-57.53065000
0.78773499,-51.38575000
0.78811646,-49.92349000
0.78849792,-53.11343000
0.78887939,-58.25462000
0.78926086,-57.52770000
0.78964233,-56.19383000
0.79002380,-55.96135000
0.79040527,-57.38636000
0.79078674,-53.00690000
0.79116821,-49.71983000
0.79154968,-51.50356000
0.79193115,-61.47701000
0.79231262,-68.35051000
0.79269409,-72.46106000
0.79307556,-54.88147000
0.79345703,-51.06073000
0.79383850,-52.28310000
0.79421997,-55.75626000
0.79460144,-56.69040000
0.79498291,-57.52570000
0.79536438,-60.85793000
0.79574585,-66.64355000
0.79612732,-62.82567000
0.79650879,-60.09928000
0.79689026,-56.14706000
0.79727173,-53.62747000
0.79765320,-53.36435000
0.79803467,-54.63253000
0.79841614,-60.09438000
0.79879761,-69.69463000
0.79917908,-57.72190000
0.79956055,-56.58720000
0.79994202,-56.29265000
0.80032349,-53.78692000
0.80070496,-53.30962000
0.80108643,-58.25890000
0.80146790,-60.09172000
0.80184937,-52.98933000
0.80223083,-51.82148000
0.80261230,-55.66961000
0.80299377,-59.56205000
0.80337524,-56.38641000
0.80375671,-56.01892000
0.80413818,-62.76813000
0.80451965,-63.44419000
0.80490112,-55.22898000
0.80528259,-54.98244000
0.80566406,-63.18119000
0.80604553,-60.37956000
0.80642700,-54.49723000
0.80680847,-54.89743000
0.80718994,-58.63314000
0.80757141,-62.44594000
0.80795288,-57.22845000
0.80833435,-54.78110000
0.80871582,-54.24499000
0.80909729,-53.81512000
0.80947876,-53.79011000
0.80986023,-54.08004000
0.81024170,-52.81358000
0.81062317,-51.79093000
0.81100464,-53.76675000
0.81138611,-54.89335000
0.81176758,-53.00177000
0.81214905,-53.12516000
0.81253052,-55.49424000
0.81291199,-55.57927000
0.81329346,-53.15808000
0.81367493,-53.14830000
0.81405640,-57.97238000
0.81443787,-68.15099000
0.81481934,-56.22913000
0.81520081,-55.74234000
0.81558228,-59.36343000
0.81596375,-59.61658000
0.81634521,-58.22307000
0.81672668,-70.63054000
0.81710815,-60.72064000
0.81748962,-58.91242000
0.81787109,-57.85276000
0.81825256,-54.25188000
0.81863403,-53.53040000
0.81901550,-60.11828000
0.81939697,-60.95603000
0.81977844,-54.24789000
0.82015991,-54.74225000
0.82054138,-59.59452000
0.82092285,-63.52350000
0.82130432,-59.60169000
0.82168579,-58.95788000
0.82206726,-57.66008000
0.82244873,-55.45276000
0.82283020,-56.27912000
0.82321167,-67.86760000
0.82359314,-58.82954000
0.82397461,-59.50926000
0.82435608,-61.96690000
0.82473755,-57.60114000
0.82511902,-57.17957000
0.82550049,-55.13066000
0.82588196,-51.95649000
0.82626343,-49.73053000
0.82664490,-48.71684000
0.82702637,-49.65310000
0.82740784,-53.88343000
0.82778931,-60.69811000
0.82817078,-60.63569000
0.82855225,-60.49947000
0.82893372,-55.98459000
0.82931519,-52.45907000
0.82969666,-53.15964000
0.83007813,-55.19505000
0.83045959,-55.26865000
0.83084106,-55.08419000
0.83122253,-54.29264000
0.83160400,-56.65685000
0.83198547,-68.04589000
0.83236694,-56.31974000
0.83274841,-55.12581000
0.83312988,-56.81171000
0.83351135,-61.82508000
0.83389282,-69.22808000
0.83427429,-63.60304000
0.83465576,-60.72784000
0.83503723,-55.78345000
0.83541870,-57.58259000
0.83580017,-70.61147000
0.83618164,-58.95119000
0.83656311,-64.05711000
0.83694458,-63.76750000
0.83732605,-55.87024000
0.83770752,-55.21072000
0.83808899,-57.40798000
0.83847046,-58.85652000
0.83885193,-60.81765000
0.83923340,-71.24604000
0.83961487,-65.55994000
0.83999634,-60.75658000
0.84037781,-56.49039000
0.84075928,-53.95967000
0.84114075,-55.17221000
0.84152222,-58.08006000
0.84190369,-56.00407000
0.84228516,-52.08509000
0.84266663,-50.80479000
0.84304810,-49.92754000
0.84342957,-49.21775000
0.84381104,-51.72775000
0.84419250,-54.31275000
0.84457397,-52.04216000
0.84495544,-52.47392000
0.84533691,-55.57635000
0.84571838,-55.54870000
0.84609985,-56.68792000
0.84648132,-61.48395000
0.84686279,-54.34688000
0.84724426,-51.62204000
0.84762573,-51.73440000
0.84800720,-53.13596000
0.84838867,-52.59104000
0.84877014,-51.49998000
0.84915161,-51.51763000
0.84953308,-52.23349000
0.84991455,-55.36073000
0.85029602,-57.28563000
0.85067749,-55.43390000
0.85105896,-55.45013000
0.85144043,-55.72916000
0.85182190,-57.56307000
0.85220337,-55.31910000
0.85258484,-52.09098000
0.85296631,-52.49168000
0.85334778,-55.52868000
0.85372925,-60.45409000
0.85411072,-62.96545000
0.85449219,-65.74320000
0.85487366,-58.07015000
0.85525513,-55.27447000
0.85563660,-59.27627000
0.85601807,-71.32681000
0.85639954,-58.94202000
0.85678101,-58.41661000
0.85716248,-62.15405000
0.85754395,-78.76653000
0.85792542,-62.51604000
0.85830688,-56.84840000
0.85868835,-54.38128000
0.85906982,-53.28807000
0.85945129,-54.84370000
0.85983276,-62.68349000
0.86021423,-54.43327000
0.86059570,-51.13117000
0.86097717,-52.22104000
0.86135864,-53.53924000
0.86174011,-55.18425000
0.86212158,-58.92034000
0.86250305,-62.69103000
0.86288452,-61.24588000
0.86326599,-56.91381000
0.86364746,-56.78967000
0.86402893,-61.33548000
0.86441040,-71.71571000
0.86479187,-57.76865000
0.86517334,-54.54373000
0.86555481,-54.63276000
0.86593628,-53.97563000
0.86631775,-51.92824000
0.86669922,-52.78779000
0.86708069,-57.85998000
0.86746216,-67.21471000
0.86784363,-68.43940000
0.86822510,-60.22304000
0.86860657,-53.21399000
0.86898804,-52.04237000
0.86936951,-54.50816000
0.86975098,-55.48434000
0.87013245,-52.46739000
0.87051392,-51.43156000
0.87089539,-52.71456000
0.87127686,-56.52424000
0.87165833,-60.79021000
0.87203979,-59.18748000
0.87242126,-58.32842000
0.87280273,-58.20027000
0.87318420,-61.94686000
0.87356567,-65.84212000
0.87394714,-60.51601000
0.87432861,-56.25431000
0.87471008,-55.22482000
0.87509155,-55.16079000
0.87547302,-56.55649000
0.87585449,-63.25813000
0.87623596,-74.18380000
0.87661743,-66.65397000
0.87699890,-73.81589000
0.87738037,-72.66022000
0.87776184,-65.80176000
0.87814331,-65.30044000
0.87852478,-67.68185000
0.87890625,-61.30898000
0.87928772,-59.13910000
0.87966919,-62.43272000
0.88005066,-69.47977000
0.88043213,-61.60006000
0.88081360,-62.29264000
0.88119507,-68.35692000
0.88157654,-59.18452000
0.88195801,-54.76394000
0.88233948,-52.21638000
0.88272095,-50.69312000
0.88310242,-51.21613000
0.88348389,-54.06017000
0.88386536,-57.67101000
0.88424683,-58.69448000
0.88462830,-61.08765000
0.88500977,-55.17813000
0.88539124,-53.26332000
0.88577271,-56.25705000
0.88615417,-58.43033000
0.88653564,-58.44488000
0.88691711,-63.24700000
0.88729858,-66.64971000
0.88768005,-72.95972000
0.88806152,-61.95692000
0.88844299,-62.51438000
0.88882446,-59.91399000
0.88920593,-54.41244000
0.88958740,-51.95716000
0.88996887,-52.75794000
0.89035034,-56.13662000
0.89073181,-57.46540000
0.89111328,-58.72771000
0.89149475,-65.99154000
0.89187622,-60.56954000
0.89225769,-55.97256000
0.89263916,-54.96984000
0.89302063,-55.39840000
0.89340210,-57.86610000
0.89378357,-58.19868000
0.89416504,-58.89509000
0.89454651,-68.04221000
0.89492798,-72.58083000
0.89530945,-79.15417000
0.89569092,-60.44601000
0.89607239,-54.94871000
0.89645386,-53.32418000
0.89683533,-54.53565000
0.89721680,-55.96173000
0.89759827,-55.00063000
0.89797974,-59.15923000
0.89836121,-63.02481000
0.89874268,-52.05959000
0.89912415,-49.52701000
0.89950562,-50.20631000
0.89988708,-52.84463000
0.90026855,-58.89079000
0.90065002,-63.27208000
0.90103149,-54.91311000
0.90141296,-54.94955000
0.90179443,-57.65762000
0.90217590,-73.43589000
0.90255737,-59.29840000
0.90293884,-57.37794000
0.90332031,-58.41991000
0.90370178,-54.87343000
0.90408325,-53.45118000
0.90446472,-53.74184000
0.90484619,-57.92511000
0.90522766,-64.24208000
0.90560913,-64.86762000
0.90599060,-62.46148000
0.90637207,-58.46275000
0.90675354,-61.38376000
0.90713501,-72.93778000
0.90751648,-60.27037000
0.90789795,-57.53023000
0.90827942,-57.28971000
0.90866089,-57.66037000
0.90904236,-57.31034000
0.90942383,-55.79440000
0.90980530,-54.97409000
0.91018677,-57.49306000
0.91056824,-61.88419000
0.91094971,-62.04778000
0.91133118,-60.98000000
0.91171265,-61.80177000
0.91209412,-59.36565000
0.91247559,-59.28351000
0.91285706,-68.85149000
0.91323853,-63.53340000
0.91362000,-57.36037000
0.91400146,-57.04635000
0.91438293,-62.23335000
0.91476440,-60.77556000
0.91514587,-54.10383000
0.91552734,-54.05976000
0.91590881,-56.65304000
0.91629028,-56.12408000
0.91667175,-55.09493000
0.91705322,-52.32912000
0.91743469,-50.36517000
0.91781616,-50.68532000
0.91819763,-52.76613000
0.91857910,-57.51134000
0.91896057,-65.24670000
0.91934204,-60.57777000
0.91972351,-59.13279000
0.92010498,-64.86393000
0.92048645,-64.15974000
0.92086792,-70.63371000
0.92124939,-65.37138000
0.92163086,-62.53981000
0.92201233,-67.06062000
0.92239380,-61.38200000
0.92277527,-61.24439000
0.92315674,-71.77796000
0.92353821,-63.59486000
0.92391968,-57.71852000
0.92430115,-54.32697000
0.92468262,-54.72643000
0.92506409,-60.57619000
0.92544556,-56.22203000
0.92582703,-53.76143000
0.92620850,-58.95207000
0.92658997,-68.85755000
0.92697144,-59.96463000
0.92735291,-63.84643000
0.92773438,-55.37167000
0.92811584,-52.35178000
0.92849731,-53.14315000
0.92887878,-55.49675000
0.92926025,-59.58517000
0.92964172,-67.97261000
0.93002319,-60.47080000
0.93040466,-55.70679000
0.93078613,-58.51892000
0.93116760,-66.93141000
0.93154907,-60.04858000
0.93193054,-63.19876000
0.93231201,-65.45871000
0.93269348,-69.54494000
0.93307495,-61.78322000
0.93345642,-57.79012000
0.93383789,-54.68991000
0.93421936,-54.84756000
0.93460083,-57.69228000
0.93498230,-58.74638000
0.93536377,-53.60414000
0.93574524,-50.17606000
0.93612671,-51.41938000
0.93650818,-57.07917000
0.93688965,-66.01383000
0.93727112,-66.16172000
0.93765259,-58.20271000
0.93803406,-59.46670000
0.93841553,-55.53687000
0.93879700,-52.31998000
0.93917847,-53.57031000
0.93955994,-59.18665000
0.93994141,-74.45371000
0.94032288,-79.87988000
0.94070435,-68.36920000
0.94108582,-62.77739000
0.94146729,-61.88742000
0.94184875,-62.29773000
0.94223022,-60.24640000
0.94261169,-55.22997000
0.94299316,-51.80542000
0.94337463,-51.22374000
0.94375610,-53.39609000
0.94413757,-58.32487000
0.94451904,-62.28865000
0.94490051,-60.72942000
0.94528198,-58.15854000
0.94566345,-60.55875000
0.94604492,-63.48458000
0.94642639,-57.54861000
0.94680786,-55.36831000
0.94718933,-54.48566000
0.94757080,-53.45656000
0.94795227,-53.01752000
0.94833374,-49.75027000
0.94871521,-47.66531000
0.94909668,-48.79126000
0.94947815,-53.32438000
0.94985962,-59.60045000
0.95024109,-59.96632000
0.95062256,-56.46574000
0.95100403,-54.65688000
0.95138550,-53.75189000
0.95176697,-53.03032000
0.95214844,-52.82356000
0.95252991,-53.61648000
0.95291138,-54.87302000
0.95329285,-54.92633000
0.95367432,-53.81491000
0.95405579,-53.89224000
0.95443726,-54.84251000
0.95481873,-55.23807000
0.95520020,-55.56362000
0.95558167,-56.26236000
0.95596313,-59.42518000
0.95634460,-69.36551000
0.95672607,-61.98368000
0.95710754,-61.54969000
0.95748901,-61.74712000
0.95787048,-55.53136000
0.95825195,-51.87438000
0.95863342,-51.11225000
0.95901489,-53.25850000
0.95939636,-57.93735000
0.95977783,-57.80849000
0.96015930,-55.14817000
0.96054077,-54.04320000
0.96092224,-54.48098000
0.96130371,-56.93210000
0.96168518,-54.12854000
0.96206665,-52.45937000
0.96244812,-55.51772000
0.96282959,-59.31491000
0.96321106,-60.30064000
0.96359253,-72.52497000
0.96397400,-62.46095000
0.96435547,-59.34653000
0.96473694,-61.11945000
0.96511841,-63.04482000
0.96549988,-56.53223000
0.96588135,-55.43032000
0.96626282,-55.02882000
0.96664429,-52.83574000
0.96702576,-51.69724000
0.96740723,-52.64964000
0.96778870,-52.79529000
0.96817017,-52.23352000
0.96855164,-53.58813000
0.96893311,-57.74648000
0.96931458,-71.19829000
0.96969604,-62.73323000
0.97007751,-57.23801000
0.97045898,-54.39804000
0.97084045,-53.69361000
0.97122192,-57.65224000
0.97160339,-65.66817000
0.97198486,-55.93951000
0.97236633,-53.67512000
0.97274780,-54.37277000
0.97312927,-58.82821000
0.97351074,-55.22824000
0.97389221,-52.57377000
0.97427368,-54.23667000
0.97465515,-56.37518000
0.97503662,-52.90920000
0.97541809,-49.81221000
0.97579956,-49.69010000
0.97618103,-52.61901000
0.97656250,-54.60197000
0.97694397,-53.71559000
0.97732544,-55.59651000
0.97770691,-56.04228000
0.97808838,-50.58419000
0.97846985,-47.19736000
0.97885132,-46.50679000
0.97923279,-48.11280000
0.97961426,-52.80772000
0.97999573,-66.49794000
0.98037720,-64.96759000
0.98075867,-66.14378000
0.98114014,-62.55740000
0.98152161,-62.58968000
0.98190308,-72.99716000
0.98228455,-57.29044000
0.98266602,-55.47070000
0.98304749,-56.42390000
0.98342896,-53.62294000
0.98381042,-51.28914000
0.98419189,-53.03886000
0.98457336,-59.65095000
0.98495483,-72.82301000
0.98533630,-55.58819000
0.98571777,-50.84653000
0.98609924,-50.37799000
0.98648071,-53.01593000
0.98686218,-54.43378000
0.98724365,-53.55276000
0.98762512,-53.23040000
0.98800659,-52.74913000
0.98838806,-52.10081000
0.98876953,-53.34646000
0.98915100,-58.13507000
0.98953247,-69.06419000
0.98991394,-71.56468000
0.99029541,-59.93126000
0.99067688,-54.76457000
0.99105835,-55.22704000
0.99143982,-58.25996000
0.99182129,-56.10202000
0.99220276,-52.25299000
0.99258423,-50.15187000
0.99296570,-51.59746000
0.99334717,-56.87176000
0.99372864,-71.50222000
0.99411011,-62.48213000
0.99449158,-59.98923000
0.99487305,-63.07894000
0.99525452,-61.96366000
0.99563599,-56.14115000
0.99601746,-53.87500000
0.99639893,-56.91904000
0.99678040,-68.80845000
0.99716187,-66.86818000
0.99754333,-61.92558000
0.99792480,-59.04648000
0.99830627,-58.23559000
0.99868774,-64.24804000
0.99906921,-54.58917000
0.99945068,-51.85642000
0.99983215,-55.09776000
1.00021362,-67.83119000
1.00059509,-67.67739000
1.00097656,-62.25440000
1.00135803,-59.63416000
1.00173950,-61.20808000
1.00212097,-73.03099000
1.00250244,-69.71730000
1.00288391,-64.37153000
1.00326538,-63.47195000
1.00364685,-64.08487000
1.00402832,-56.05230000
1.00440979,-52.84297000
1.00479126,-52.58894000
1.00517273,-52.86572000
1.00555420,-51.97340000
1.00593567,-51.85600000
1.00631714,-56.57314000
1.00669861,-58.17648000
1.00708008,-54.06114000
1.00746155,-56.24196000
1.00784302,-65.84126000
1.00822449,-60.41207000
1.00860596,-59.31160000
1.00898743,-59.83094000
1.00936890,-60.17850000
1.00975037,-57.44518000
1.01013184,-55.42698000
1.01051331,-55.06952000
1.01089478,-54.14594000
1.01127625,-52.82795000
1.01165771,-54.17881000
1.01203918,-55.25711000
1.01242065,-51.67510000
1.01280212,-48.98338000
1.01318359,-48.17564000
1.01356506,-50.00731000
1.01394653,-53.65547000
1.01432800,-55.32197000
1.01470947,-54.51442000
1.01509094,-54.41180000
1.01547241,-55.68531000
1.01585388,-57.45866000
1.01623535,-56.20302000
1.01661682,-55.46133000
1.01699829,-56.43774000
1.01737976,-53.73486000
1.01776123,-51.62874000
1.01814270,-53.79251000
1.01852417,-59.76928000
1.01890564,-63.05014000
1.01928711,-59.51430000
1.01966858,-56.79247000
1.02005005,-56.30965000
1.02043152,-58.16557000
1.02081299,-59.66405000
1.02119446,-57.49268000
1.02157593,-55.07424000
1.02195740,-55.73352000
1.02233887,-58.64872000
1.02272034,-61.37556000
1.02310181,-65.81358000
1.02348328,-59.38815000
1.02386475,-58.02631000
1.02424622,-60.10299000
1.02462769,-57.87204000
1.02500916,-56.57095000
1.02539063,-57.64465000
1.02577209,-58.29864000
1.02615356,-60.66816000
1.02653503,-60.47420000
1.02691650,-61.48910000
1.02729797,-57.21363000
1.02767944,-53.82924000
1.02806091,-56.05622000
1.02844238,-62.27223000
1.02882385,-66.27412000
1.02920532,-71.30376000
1.02958679,-59.30146000
1.02996826,-57.72610000
1.03034973,-60.63293000
1.03073120,-64.44666000
1.03111267,-71.03064000
1.03149414,-63.01296000
1.03187561,-58.75935000
1.03225708,-54.08072000
1.03263855,-53.57140000
1.03302002,-61.45085000
1.03340149,-64.13022000
1.03378296,-60.27782000
1.03416443,-58.27621000
1.03454590,-54.76783000
1.03492737,-55.51122000
1.03530884,-57.29980000
1.03569031,-58.18361000
1.03607178,-59.98631000
1.03645325,-59.19572000
1.03683472,-56.21590000
1.03721619,-55.56344000
1.03759766,-57.72554000
1.03797913,-59.52745000
1.03836060,-58.01550000
1.03874207,-59.28878000
1.03912354,-59.80507000
1.03950500,-58.39925000
1.03988647,-63.03693000
1.04026794,-67.85349000
1.04064941,-59.66369000
1.04103088,-59.62435000
1.04141235,-56.86781000
1.04179382,-54.04119000
1.04217529,-53.65679000
1.04255676,-52.61832000
1.04293823,-51.48818000
1.04331970,-53.22152000
1.04370117,-59.04425000
1.04408264,-61.29680000
1.04446411,-58.08862000
1.04484558,-57.72150000
1.04522705,-58.87566000
1.04560852,-59.64703000
1.04598999,-61.92127000
1.04637146,-68.89772000
1.04675293,-72.09622000
1.04713440,-64.35710000
1.04751587,-59.28218000
1.04789734,-56.25621000
1.04827881,-55.34645000
1.04866028,-57.36626000
1.04904175,-59.48455000
1.04942322,-58.26136000
1.04980469,-57.39204000
1.05018616,-55.01672000
1.05056763,-52.54778000
1.05094910,-52.41432000
1.05133057,-54.86488000
1.05171204,-57.07825000
1.05209351,-58.46103000
1.05247498,-59.02004000
1.05285645,-57.49355000
1.05323792,-58.97844000
1.05361938,-63.67456000
1.05400085,-62.85522000
1.05438232,-55.63715000
1.05476379,-54.76014000
1.05514526,-56.97456000
1.05552673,-57.57283000
1.05590820,-56.18813000
1.05628967,-55.62373000
1.05667114,-55.58466000
1.05705261,-59.50063000
1.05743408,-60.87352000
1.05781555,-53.43602000
1.05819702,-53.03828000
1.05857849,-55.34943000
1.05895996,-54.67501000
1.05934143,-54.46490000
1.05972290,-59.34998000
1.06010437,-59.82388000
1.06048584,-58.48336000
1.06086731,-64.17576000
1.06124878,-66.29980000
1.06163025,-56.00086000
1.06201172,-55.20032000
1.06239319,-60.54848000
1.06277466,-64.78504000
1.06315613,-60.13983000
1.06353760,-57.19454000
1.06391907,-54.66527000
1.06430054,-53.42398000
1.06468201,-54.63842000
1.06506348,-56.32211000
1.06544495,-58.47896000
1.06582642,-60.24200000
1.06620789,-61.81811000
1.06658936,-72.50467000
1.06697083,-67.22098000
1.06735229,-73.16180000
1.06773376,-61.81783000
1.06811523,-58.21061000
1.06849670,-64.52470000
1.06887817,-70.97352000
1.06925964,-67.60742000
1.06964111,-57.94312000
1.07002258,-53.89206000
1.07040405,-55.14645000
1.07078552,-59.90680000
1.07116699,-58.37931000
1.07154846,-54.78971000
1.07192993,-52.83754000
1.07231140,-52.86126000
1.07269287,-53.45480000
1.07307434,-53.81252000
1.07345581,-55.65260000
1.07383728,-62.22580000
1.07421875,-73.77715000
1.07460022,-64.42148000
1.07498169,-62.38056000
1.07536316,-57.70048000
1.07574463,-57.18174000
1.07612610,-59.95143000
1.07650757,-58.50577000
1.07688904,-55.03572000
1.07727051,-54.44284000
1.07765198,-60.26701000
1.07803345,-59.97806000
1.07841492,-56.58083000
1.07879639,-58.89542000
1.07917786,-65.67380000
1.07955933,-60.46591000
1.07994080,-62.29063000
1.08032227,-74.30230000
1.08070374,-59.62841000
1.08108521,-57.52069000
1.08146667,-58.58125000
1.08184814,-57.59334000
1.08222961,-58.94020000
1.08261108,-70.18103000
1.08299255,-65.92183000
1.08337402,-63.20406000
1.08375549,-54.84530000
1.08413696,-54.44096000
1.08451843,-55.71083000
1.08489990,-54.24816000
1.08528137,-53.97772000
1.08566284,-55.77871000
1.08604431,-55.80545000
1.08642578,-54.46299000
1.08680725,-55.05146000
1.08718872,-63.14452000
1.08757019,-58.57652000
1.08795166,-55.26993000
1.08833313,-60.11446000
1.08871460,-60.43987000
1.08909607,-56.75569000
1.08947754,-53.79717000
1.08985901,-51.64153000
1.09024048,-53.18601000
1.09062195,-56.76750000
1.09100342,-57.43827000
1.09138489,-62.93126000
1.09176636,-69.92415000
1.09214783,-61.78821000
1.09252930,-61.53204000
1.09291077,-62.70862000
1.09329224,-61.73351000
1.09367371,-54.88472000
1.09405518,-53.13744000
1.09443665,-56.29253000
1.09481812,-63.18184000
1.09519958,-55.72767000
1.09558105,-53.76408000
1.09596252,-59.02422000
1.09634399,-53.69610000
1.09672546,-48.03066000
1.09710693,-46.93579000
1.09748840,-49.16057000
1.09786987,-53.80611000
1.09825134,-56.58798000
1.09863281,-59.29877000
1.09901428,-61.81395000
1.09939575,-60.76893000
1.09977722,-62.96118000
1.10015869,-75.40540000
1.10054016,-56.08670000
1.10092163,-52.39391000
1.10130310,-55.38486000
1.10168457,-55.72129000
1.10206604,-52.48643000
1.10244751,-54.99407000
1.10282898,-67.62458000
1.10321045,-59.02199000
1.10359192,-54.68732000
1.10397339,-58.23952000
1.10435486,-64.47387000
1.10473633,-52.45692000
1.10511780,-49.92792000
1.10549927,-51.43609000
1.10588074,-55.78613000
1.10626221,-63.08939000
1.10664368,-58.76335000
1.10702515,-56.26510000
1.10740662,-61.12749000
1.10778809,-67.39085000
1.10816956,-57.22846000
1.10855103,-53.40665000
1.10893250,-51.26327000
1.10931396,-49.73144000
1.10969543,-49.38176000
1.11007690,-51.02039000
1.11045837,-55.31801000
1.11083984,-58.18589000
1.11122131,-56.72391000
1.11160278,-58.63390000
1.11198425,-66.62390000
1.11236572,-60.95470000
1.11274719,-56.66198000
1.11312866,-56.47512000
1.11351013,-59.51067000
1.11389160,-57.53160000
1.11427307,-52.98431000
1.11465454,-51.35772000
1.11503601,-53.83304000
1.11541748,-67.87550000
1.11579895,-56.37359000
1.11618042,-53.61645000
1.11656189,-56.38216000
1.11694336,-67.66372000
1.11732483,-63.55116000
1.11770630,-58.12244000
1.11808777,-57.89497000
1.11846924,-62.34434000
1.11885071,-74.13856000
1.11923218,-66.15816000
1.11961365,-67.12884000
1.11999512,-61.66529000
1.12037659,-58.00241000
1.12075806,-57.28711000
1.12113953,-52.16016000
1.12152100,-49.97942000
1.12190247,-50.27859000
1.12228394,-50.65266000
1.12266541,-52.63547000
1.12304688,-57.18733000
1.12342834,-57.81308000
1.12380981,-55.86988000
1.12419128,-56.61061000
1.12457275,-68.90768000
1.12495422,-59.15916000
1.12533569,-55.28899000
1.12571716,-57.55281000
1.12609863,-66.12413000
1.12648010,-60.45649000
1.12686157,-57.48258000
1.12724304,-57.26622000
1.12762451,-59.60794000
1.12800598,-61.09519000
1.12838745,-56.41139000
1.12876892,-51.47451000
1.12915039,-50.82918000
1.12953186,-56.10454000
1.12991333,-66.23309000
1.13029480,-55.34825000
1.13067627,-52.21840000
1.13105774,-49.77375000
1.13143921,-49.01123000
1.13182068,-51.58117000
1.13220215,-59.46875000
1.13258362,-69.53940000
1.13296509,-62.12063000
1.13334656,-59.54645000
1.13372803,-60.28465000
1.13410950,-56.65305000
1.13449097,-54.69475000
1.13487244,-54.81467000
1.13525391,-54.83828000
1.13563538,-53.68770000
1.13601685,-54.63964000
1.13639832,-55.68594000
1.13677979,-57.67437000
1.13716125,-59.77550000
1.13754272,-57.56363000
1.13792419,-60.09192000
1.13830566,-61.34995000
1.13868713,-55.68988000
1.13906860,-52.83541000
1.13945007,-54.46844000
1.13983154,-58.50598000
1.14021301,-56.69448000
1.14059448,-53.40391000
1.14097595,-53.93402000
1.14135742,-56.33430000
1.14173889,-56.90818000
1.14212036,-61.29067000
1.14250183,-58.98476000
1.14288330,-58.14357000
1.14326477,-62.13395000
1.14364624,-66.79882000
1.14402771,-65.12455000
1.14440918,-57.27346000
1.14479065,-55.96866000
1.14517212,-60.36528000
1.14555359,-71.91497000
1.14593506,-70.70271000
1.14631653,-63.67289000
1.14669800,-59.44016000
1.14707947,-56.22585000
1.14746094,-54.91325000
1.14784241,-56.13105000
1.14822388,-58.26731000
1.14860535,-65.53376000
1.14898682,-61.15078000
1.14936829,-55.15096000
1.14974976,-53.30950000
1.15013123,-54.11497000
1.15051270,-56.07243000
1.15089417,-56.64310000
1.15127563,-62.26183000
1.15165710,-58.90257000
1.15203857,-53.07816000
1.15242004,-54.43800000
1.15280151,-59.33057000
1.15318298,-66.75061000
1.15356445,-71.30234000
1.15394592,-61.20592000
1.15432739,-56.81736000
1.15470886,-54.71603000
1.15509033,-52.53698000
1.15547180,-51.37738000
1.15585327,-51.46374000
1.15623474,-54.28744000
1.15661621,-62.54499000
1.15699768,-56.07497000
1.15737915,-50.87812000
1.15776062,-51.43221000
1.15814209,-59.66263000
1.15852356,-69.48592000
1.15890503,-65.12071000
1.15928650,-59.39245000
1.15966797,-57.49865000
1.16004944,-60.87883000
1.16043091,-65.87077000
1.16081238,-65.23177000
1.16119385,-70.04910000
1.16157532,-72.22722000
1.16195679,-61.95930000
1.16233826,-52.74884000
1.16271973,-50.66656000
1.16310120,-53.45096000
1.16348267,-61.09188000
1.16386414,-56.89451000
1.16424561,-53.97040000
1.16462708,-54.63094000
1.16500854,-60.45704000
1.16539001,-58.64131000
1.16577148,-54.82870000
1.16615295,-59.50646000
1.16653442,-63.67889000
1.16691589,-58.04368000
1.16729736,-62.81729000
1.16767883,-69.23723000
1.16806030,-66.46107000
1.16844177,-69.42506000
1.16882324,-60.37389000
1.16920471,-54.68328000
1.16958618,-56.10710000
1.16996765,-68.76349000
1.17034912,-54.53011000
1.17073059,-49.98718000
1.17111206,-50.23220000
1.17149353,-55.46011000
1.17187500,-56.09301000
1.17225647,-52.51314000
1.17263794,-52.47908000
1.17301941,-55.82553000
1.17340088,-61.68430000
1.17378235,-73.15411000
1.17416382,-63.76164000
1.17454529,-56.76546000
1.17492676,-54.96601000
1.17530823,-57.16453000
1.17568970,-64.27654000
1.17607117,-74.12767000
1.17645264,-67.21644000
1.17683411,-75.19042000
1.17721558,-57.82872000
1.17759705,-52.95380000
1.17797852,-52.33738000
1.17835999,-54.30622000
1.17874146,-54.50504000
1.17912292,-57.40788000
1.17950439,-71.26495000
1.17988586,-53.63831000
1.18026733,-51.32643000
1.18064880,-53.35431000
1.18103027,-55.72763000
1.18141174,-58.24467000
1.18179321,-54.62331000
1.18217468,-49.62620000
1.18255615,-47.65709000
1.18293762,-48.04958000
1.18331909,-50.64041000
1.18370056,-55.31680000
1.18408203,-60.77330000
1.18446350,-63.15838000
1.18484497,-60.66454000
1.18522644,-57.96657000
1.18560791,-59.44836000
1.18598938,-60.70948000
1.18637085,-54.02684000
1.18675232,-52.60376000
1.18713379,-56.84171000
1.18751526,-66.71672000
1.18789673,-70.94756000
1.18827820,-68.00143000
1.18865967,-65.68871000
1.18904114,-66.44453000
1.18942261,-55.83577000
1.18980408,-54.16938000
1.19018555,-58.25096000
1.19056702,-61.66349000
1.19094849,-56.93178000
1.19132996,-58.80486000
1.19171143,-68.10612000
1.19209290,-58.98958000
1.19247437,-55.73790000
1.19285583,-56.23556000
1.19323730,-57.41370000
1.19361877,-59.96889000
1.19400024,-75.16644000
1.19438171,-62.14416000
1.19476318,-58.90827000
1.19514465,-60.68707000
1.19552612,-60.81644000
1.19590759,-58.33746000
1.19628906,-57.91698000
1.19667053,-58.01987000
1.19705200,-57.29609000
1.19743347,-56.58523000
1.19781494,-54.75010000
1.19819641,-54.08471000
1.19857788,-54.57560000
1.19895935,-54.20576000
1.19934082,-54.79829000
1.19972229,-57.80370000
1.20010376,-63.79393000
1.20048523,-78.03891000
1.20086670,-64.38828000
1.20124817,-56.52674000
1.20162964,-52.89608000
1.20201111,-52.44934000
1.20239258,-51.61496000
1.20277405,-49.48087000
1.20315552,-49.41187000
1.20353699,-53.45261000
1.20391846,-63.85871000
1.20429993,-68.26166000
1.20468140,-67.75301000
1.20506287,-60.61388000
1.20544434,-59.62035000
1.20582581,-69.17390000
1.20620728,-65.36123000
1.20658875,-64.99601000
1.20697021,-68.51557000
1.20735168,-63.32726000
1.20773315,-63.48462000
1.20811462,-64.40606000
1.20849609,-62.51169000
1.20887756,-72.67196000
1.20925903,-61.03087000
1.20964050,-57.99538000
1.21002197,-65.69036000
1.21040344,-58.30429000
1.21078491,-54.86327000
1.21116638,-60.20068000
1.21154785,-57.32792000
1.21192932,-51.80518000
1.21231079,-51.81391000
1.21269226,-53.04404000
1.21307373,-52.44845000
1.21345520,-55.24778000
1.21383667,-61.26455000
1.21421814,-57.13493000
1.21459961,-56.74746000
1.21498108,-59.66041000
1.21536255,-58.20253000
1.21574402,-54.61547000
1.21612549,-55.28656000
1.21650696,-60.02914000
1.21688843,-63.39767000
1.21726990,-56.38872000
1.21765137,-53.42686000
1.21803284,-52.60918000
1.21841431,-53.20369000
1.21879578,-56.31570000
1.21917725,-60.68087000
1.21955872,-67.81992000
1.21994019,-65.90207000
1.22032166,-56.63577000
1.22070313,-55.08346000
1.22108459,-59.36084000
1.22146606,-59.48371000
1.22184753,-58.25993000
1.22222900,-63.91792000
1.22261047,-62.93797000
1.22299194,-60.27717000
1.22337341,-65.27075000
1.22375488,-63.33722000
1.22413635,-55.90119000
1.22451782,-56.68152000
1.22489929,-62.81074000
1.22528076,-71.42574000
1.22566223,-58.38095000
1.22604370,-53.53194000
1.22642517,-53.03120000
1.22680664,-54.49393000
1.22718811,-56.43021000
1.22756958,-57.60142000
1.22795105,-54.82559000
1.22833252,-53.37675000
1.22871399,-54.59900000
1.22909546,-57.97519000
1.22947693,-62.28315000
1.22985840,-65.18634000
1.23023987,-60.07706000
1.23062134,-57.27792000
1.23100281,-64.96141000
1.23138428,-60.42984000
1.23176575,-55.86212000
1.23214722,-55.77287000
1.23252869,-54.41290000
1.23291016,-54.73149000
1.23329163,-54.58816000
1.23367310,-51.62472000
1.23405457,-50.49510000
1.23443604,-53.81627000
1.23481750,-64.64996000
1.23519897,-58.35980000
1.23558044,-55.57716000
1.23596191,-58.38944000
1.23634338,-62.09007000
1.23672485,-60.26592000
1.23710632,-61.35117000
1.23748779,-57.18142000
1.23786926,-57.15202000
1.23825073,-82.24517000
1.23863220,-56.83104000
1.23901367,-56.68470000
1.23939514,-61.22939000
1.23977661,-65.54134000
1.24015808,-65.96731000
1.24053955,-64.75673000
1.24092102,-73.47770000
1.24130249,-66.66094000
1.24168396,-60.87367000
1.24206543,-59.91685000
1.24244690,-59.03891000
1.24282837,-55.29359000
1.24320984,-52.37082000
1.24359131,-52.57293000
1.24397278,-57.04838000
1.24435425,-65.25356000
1.24473572,-61.06377000
1.24511719,-64.82028000
1.24549866,-66.16602000
1.24588013,-59.90944000
1.24626160,-60.31633000
1.24664307,-58.78275000
1.24702454,-54.13860000
1.24740601,-51.82568000
1.24778748,-54.95415000
1.24816895,-63.09366000
1.24855042,-58.96721000
1.24893188,-59.08859000
1.24931335,-57.17640000
1.24969482,-55.61617000
1.25007629,-55.55197000
1.25045776,-57.24150000
1.25083923,-59.25785000
1.25122070,-56.50407000
1.25160217,-52.69478000
1.25198364,-50.32709000
1.25236511,-49.56267000
1.25274658,-51.24519000
1.25312805,-56.57187000
1.25350952,-58.85574000
1.25389099,-57.19643000
1.25427246,-61.12933000
1.25465393,-58.33579000
1.25503540,-59.09340000
1.25541687,-74.57671000
1.25579834,-56.18847000
1.25617981,-52.71870000
1.25656128,-52.35709000
1.25694275,-53.70956000
1.25732422,-56.62061000
1.25770569,-61.12115000
1.25808716,-59.95895000
1.25846863,-57.18203000
1.25885010,-59.97138000
1.25923157,-68.22480000
1.25961304,-55.44700000
1.25999451,-51.90327000
1.26037598,-49.84190000
1.26075745,-49.19250000
1.26113892,-52.15447000
1.26152039,-57.34111000
1.26190186,-60.78676000
1.26228333,-57.71030000
1.26266479,-53.69508000
1.26304626,-52.73389000
1.26342773,-52.88257000
1.26380920,-54.00048000
1.26419067,-55.40516000
1.26457214,-57.94173000
1.26495361,-63.10630000
1.26533508,-56.38432000
1.26571655,-56.78287000
1.26609802,-59.63677000
1.26647949,-55.43651000
1.26686096,-55.42870000
1.26724243,-56.62197000
1.26762390,-56.04286000
1.26800537,-57.09505000
1.26838684,-69.05457000
1.26876831,-63.88029000
1.26914978,-61.44411000
1.26953125,-62.64338000
1.26991272,-59.23763000
1.27029419,-56.26832000
1.27067566,-56.02089000
1.27105713,-56.00468000
1.27143860,-55.82593000
1.27182007,-56.59958000
1.27220154,-60.29345000
1.27258301,-75.46487000
1.27296448,-70.55344000
1.27334595,-75.68479000
1.27372742,-63.48022000
1.27410889,-59.50408000
1.27449036,-56.81956000
1.27487183,-57.14190000
1.27525330,-67.76208000
1.27563477,-64.48434000
1.27601624,-60.14847000
1.27639771,-56.92454000
1.27677917,-53.71919000
1.27716064,-53.77926000
1.27754211,-59.36724000
1.27792358,-58.07198000
1.27830505,-54.62236000
1.27868652,-54.97419000
1.27906799,-60.35420000
1.27944946,-72.05821000
1.27983093,-60.26460000
1.28021240,-54.10614000
1.28059387,-52.19031000
1.28097534,-53.23290000
1.28135681,-56.50391000
1.28173828,-59.34268000
1.28211975,-60.65001000
1.28250122,-58.61102000
1.28288269,-54.75539000
1.28326416,-53.86334000
1.28364563,-55.26454000
1.28402710,-53.95844000
1.28440857,-52.89019000
1.28479004,-53.77920000
1.28517151,-54.79845000
1.28555298,-52.99461000
1.28593445,-51.89598000
1.28631592,-52.28853000
1.28669739,-51.53614000
1.28707886,-51.67089000
1.28746033,-54.16723000
1.28784180,-56.95150000
1.28822327,-58.42400000
1.28860474,-61.43509000
1.28898621,-60.34627000
1.28936768,-60.05046000
1.28974915,-57.44772000
1.29013062,-56.38920000
1.29051208,-61.11538000
1.29089355,-66.75067000
1.29127502,-63.51074000
1.29165649,-73.44092000
1.29203796,-59.50156000
1.29241943,-56.40421000
1.29280090,-57.72279000
1.29318237,-60.42361000
1.29356384,-58.17959000
1.29394531,-54.42578000
1.29432678,-53.76048000
1.29470825,-56.30603000
1.29508972,-59.91604000
1.29547119,-56.24105000
1.29585266,-54.95948000
1.29623413,-56.57755000
1.29661560,-57.33295000
1.29699707,-55.79447000
1.29737854,-54.57310000
1.29776001,-57.22514000
1.29814148,-61.52665000
1.29852295,-64.32039000
1.29890442,-66.40291000
1.29928589,-58.21306000
1.29966736,-52.49367000
1.30004883,-51.50948000
1.30043030,-55.61354000
1.30081177,-60.05196000
1.30119324,-57.99746000
1.30157471,-58.10073000
1.30195618,-55.71231000
1.30233765,-55.78372000
1.30271912,-58.70360000
1.30310059,-58.73650000
1.30348206,-55.02947000
1.30386353,-53.38504000
1.30424500,-54.80639000
1.30462646,-58.18512000
1.30500793,-61.91429000
1.30538940,-63.98870000
1.30577087,-64.16597000
1.30615234,-58.13743000
1.30653381,-55.54682000
1.30691528,-58.15786000
1.30729675,-59.66312000
1.30767822,-57.23341000
1.30805969,-55.69783000
1.30844116,-53.55673000
1.30882263,-52.67670000
1.30920410,-54.69828000
1.30958557,-59.05352000
1.30996704,-61.27848000
1.31034851,-58.96515000
1.31072998,-56.51184000
1.31111145,-56.38362000
1.31149292,-59.57069000
1.31187439,-59.59381000
1.31225586,-57.95938000
1.31263733,-56.21893000
1.31301880,-52.80030000
1.31340027,-50.70259000
1.31378174,-50.55415000
1.31416321,-53.36779000
1.31454468,-62.85611000
1.31492615,-53.05472000
1.31530762,-48.55032000
1.31568909,-49.33701000
1.31607056,-53.83655000
1.31645203,-58.32570000
1.31683350,-60.02142000
1.31721497,-58.12424000
1.31759644,-56.94651000
1.31797791,-56.64380000
1.31835938,-54.79399000
1.31874084,-52.81325000
1.31912231,-55.07936000
1.31950378,-57.58935000
1.31988525,-55.43279000
1.32026672,-58.50405000
1.32064819,-56.82503000
1.32102966,-54.03955000
1.32141113,-54.08450000
1.32179260,-55.09745000
1.32217407,-61.41724000
1.32255554,-56.61308000
1.32293701,-54.19279000
1.32331848,-55.79657000
1.32369995,-59.74585000
1.32408142,-61.92662000
1.32446289,-62.56016000
1.32484436,-68.24416000
1.32522583,-60.02363000
1.32560730,-55.17083000
1.32598877,-58.92268000
1.32637024,-63.96036000
1.32675171,-53.93425000
1.32713318,-54.42880000
1.32751465,-57.48036000
1.32789612,-54.30658000
1.32827759,-53.06995000
1.32865906,-51.93082000
1.32904053,-52.23891000
1.32942200,-54.36891000
1.32980347,-56.32809000
1.33018494,-57.69852000
1.33056641,-56.19499000
1.33094788,-54.10948000
1.33132935,-53.89478000
1.33171082,-56.55233000
1.33209229,-65.85709000
1.33247375,-62.21660000
1.33285522,-54.11050000
1.33323669,-52.16771000
1.33361816,-54.95583000
1.33399963,-55.91501000
1.33438110,-56.90687000
1.33476257,-58.20671000
1.33514404,-56.44321000
1.33552551,-54.98817000
1.33590698,-52.12651000
1.33628845,-51.31721000
1.33666992,-57.84665000
1.33705139,-61.98703000
1.33743286,-58.41897000
1.33781433,-62.78545000
1.33819580,-57.50451000
1.33857727,-55.31128000
1.33895874,-51.73674000
1.33934021,-50.38354000
1.33972168,-51.78280000
1.34010315,-55.59557000
1.34048462,-60.67564000
1.34086609,-59.40382000
1.34124756,-60.91644000
1.34162903,-69.67147000
1.34201050,-58.76305000
1.34239197,-59.99730000
1.34277344,-56.94706000
1.34315491,-52.50347000
1.34353638,-53.43895000
1.34391785,-55.65845000
1.34429932,-55.88172000
1.34468079,-56.21098000
1.34506226,-64.80581000
1.34544373,-64.18399000
1.34582520,-58.52987000
1.34620667,-55.12458000
1.34658813,-51.73026000
1.34696960,-51.98246000
1.34735107,-58.26603000
1.34773254,-73.45672000
1.34811401,-59.95382000
1.34849548,-62.94640000
1.34887695,-60.51049000
1.34925842,-52.93665000
1.34963989,-52.37562000
1.35002136,-53.61847000
1.35040283,-52.49810000
1.35078430,-50.79550000
1.35116577,-51.81978000
1.35154724,-56.25380000
1.35192871,-58.84024000
1.35231018,-53.70756000
1.35269165,-51.70031000
1.35307312,-57.43898000
1.35345459,-61.93665000
1.35383606,-55.36583000
1.35421753,-53.95004000
1.35459900,-52.60374000
1.35498047,-52.94929000
1.35536194,-53.19250000
1.35574341,-53.38320000
1.35612488,-56.45695000
1.35650635,-65.06467000
1.35688782,-66.06780000
1.35726929,-61.89984000
1.35765076,-54.23849000
1.35803223,-52.03014000
1.35841370,-51.34007000
1.35879517,-53.11367000
1.35917664,-58.70432000
1.35955811,-61.69243000
1.35993958,-66.65842000
1.36032104,-67.68045000
1.36070251,-59.11915000
1.36108398,-54.92336000
1.36146545,-51.80462000
1.36184692,-50.28236000
1.36222839,-50.77385000
1.36260986,-54.57155000
1.36299133,-67.88785000
1.36337280,-56.19896000
1.36375427,-54.61401000
1.36413574,-57.11878000
1.36451721,-56.85171000
1.36489868,-53.70894000
1.36528015,-55.01439000
1.36566162,-59.48830000
1.36604309,-57.70425000
1.36642456,-57.31847000
1.36680603,-55.98703000
1.36718750,-57.52863000
1.36756897,-54.27916000
1.36795044,-52.74261000
1.36833191,-53.79217000
1.36871338,-55.17785000
1.36909485,-54.42184000
1.36947632,-53.71399000
1.36985779,-55.36086000
1.37023926,-55.21336000
1.37062073,-58.28503000
1.37100220,-63.20473000
1.37138367,-55.63935000
1.37176514,-55.30433000
1.37214661,-58.99811000
1.37252808,-65.66788000
1.37290955,-76.58281000
1.37329102,-57.98035000
1.37367249,-51.87208000
1.37405396,-51.47813000
1.37443542,-58.13760000
1.37481689,-60.42255000
1.37519836,-52.31426000
1.37557983,-51.71397000
1.37596130,-53.12796000
1.37634277,-54.43743000
1.37672424,-56.39164000
1.37710571,-60.55707000
1.37748718,-65.49866000
1.37786865,-70.79292000
1.37825012,-59.19304000
1.37863159,-56.79332000
1.37901306,-59.55428000
1.37939453,-57.50514000
1.37977600,-53.72626000
1.38015747,-54.45492000
1.38053894,-59.44065000
1.38092041,-58.92913000
1.38130188,-62.21811000
1.38168335,-60.04119000
1.38206482,-51.62666000
1.38244629,-50.45313000
1.38282776,-54.76692000
1.38320923,-60.37373000
1.38359070,-59.90108000
1.38397217,-61.09617000
1.38435364,-61.06347000
1.38473511,-59.66044000
1.38511658,-55.55893000
1.38549805,-54.27553000
1.38587952,-58.85934000
1.38626099,-64.42928000
1.38664246,-57.02971000
1.38702393,-55.74940000
1.38740540,-55.93414000
1.38778687,-54.95967000
1.38816833,-56.91689000
1.38854980,-65.87339000
1.38893127,-71.16815000
1.38931274,-64.84687000
1.38969421,-69.57008000
1.39007568,-60.40802000
1.39045715,-58.43235000
1.39083862,-59.80018000
1.39122009,-55.83117000
1.39160156,-53.93094000
1.39198303,-56.45023000
1.39236450,-53.05276000
1.39274597,-51.72871000
1.39312744,-56.53948000
1.39350891,-63.81506000
1.39389038,-57.02473000
1.39427185,-57.91155000
1.39465332,-60.64903000
1.39503479,-55.10634000
1.39541626,-51.42390000
1.39579773,-51.35400000
1.39617920,-54.81065000
1.39656067,-55.77399000
1.39694214,-54.30515000
1.39732361,-56.18175000
1.39770508,-57.38259000
1.39808655,-54.89933000
1.39846802,-52.06002000
1.39884949,-52.75334000
1.39923096,-59.23818000
1.39961243,-62.28687000
1.39999390,-61.87856000
1.40037537,-65.87944000
1.40075684,-54.81350000
1.40113831,-53.37943000
1.40151978,-56.38793000
1.40190125,-61.59736000
1.40228271,-61.24815000
1.40266418,-55.98664000
1.40304565,-51.92104000
1.40342712,-53.30944000
1.40380859,-60.51175000
1.40419006,-70.12868000
1.40457153,-64.66050000
1.40495300,-62.58068000
1.40533447,-57.12834000
1.40571594,-52.97079000
1.40609741,-53.41406000
1.40647888,-57.30484000
1.40686035,-65.79630000
1.40724182,-66.06573000
1.40762329,-59.11710000
1.40800476,-56.57665000
1.40838623,-58.86275000
1.40876770,-60.79927000
1.40914917,-60.73639000
1.40953064,-68.23367000
1.40991211,-66.51101000
1.41029358,-61.95891000
1.41067505,-60.05760000
1.41105652,-57.25683000
1.41143799,-56.00846000
1.41181946,-59.33649000
1.41220093,-79.55582000
1.41258240,-62.28819000
1.41296387,-57.89257000
1.41334534,-56.22424000
1.41372681,-57.60164000
1.41410828,-60.51733000
1.41448975,-60.17450000
1.41487122,-58.06656000
1.41525269,-55.10983000
1.41563416,-53.70776000
1.41601563,-55.66154000
1.41639709,-61.80133000
1.41677856,-65.40884000
1.41716003,-62.74293000
1.41754150,-59.42691000
1.41792297,-56.48613000
1.41830444,-59.39337000
1.41868591,-70.71074000
1.41906738,-59.86467000
1.41944885,-57.83373000
1.41983032,-54.29182000
1.42021179,-52.99978000
1.42059326,-56.69662000
1.42097473,-64.47768000
1.42135620,-54.23056000
1.42173767,-53.68025000
1.42211914,-58.41462000
1.42250061,-66.44952000
1.42288208,-60.48835000
1.42326355,-57.43692000
1.42364502,-54.63032000
1.42402649,-51.28811000
1.42440796,-50.69245000
1.42478943,-51.04031000
1.42517090,-51.36884000
1.42555237,-52.30103000
1.42593384,-51.72718000
1.42631531,-50.82331000
1.42669678,-52.98249000
1.42707825,-60.82160000
1.42745972,-65.47932000
1.42784119,-56.58861000
1.42822266,-58.91309000
1.42860413,-62.07310000
1.42898560,-51.93329000
1.42936707,-50.50456000
1.42974854,-51.72767000
1.43013000,-53.55766000
1.43051147,-55.38822000
1.43089294,-56.58523000
1.43127441,-65.15271000
1.43165588,-57.62083000
1.43203735,-55.85082000
1.43241882,-65.50882000
1.43280029,-58.26044000
1.43318176,-54.55207000
1.43356323,-52.96637000
1.43394470,-51.92184000
1.43432617,-51.67990000
1.43470764,-53.85336000
1.43508911,-57.04026000
1.43547058,-54.63641000
1.43585205,-53.20420000
1.43623352,-54.54095000
1.43661499,-56.62163000
1.43699646,-55.96936000
1.43737793,-53.56268000
1.43775940,-52.24175000
1.43814087,-53.96926000
1.43852234,-63.38042000
1.43890381,-64.07225000
1.43928528,-63.22421000
1.43966675,-54.08167000
1.44004822,-51.68871000
1.44042969,-56.29791000
1.44081116,-63.24597000
1.44119263,-59.78884000
1.44157410,-62.16183000
1.44195557,-58.21112000
1.44233704,-56.32401000
1.44271851,-58.56701000
1.44309998,-60.14972000
1.44348145,-64.64809000
1.44386292,-69.35223000
1.44424438,-62.27097000
1.44462585,-63.41750000
1.44500732,-68.61803000
1.44538879,-57.45495000
1.44577026,-51.08982000
1.44615173,-47.63723000
1.44653320,-47.84663000
1.44691467,-51.74084000
1.44729614,-57.43285000
1.44767761,-60.96954000
1.44805908,-60.63584000
1.44844055,-55.61713000
1.44882202,-56.51548000
1.44920349,-59.82964000
1.44958496,-56.53516000
1.44996643,-56.20097000
1.45034790,-63.28835000
1.45072937,-66.41171000
1.45111084,-60.53890000
1.45149231,-61.96598000
1.45187378,-59.75826000
1.45225525,-58.72018000
1.45263672,-59.93687000
1.45301819,-62.13066000
1.45339966,-61.92581000
1.45378113,-62.27815000
1.45416260,-60.03647000
1.45454407,-54.77953000
1.45492554,-53.21912000
1.45530701,-54.57500000
1.45568848,-57.95122000
1.45606995,-56.87706000
1.45645142,-53.51942000
1.45683289,-52.46326000
1.45721436,-53.64069000
1.45759583,-58.30775000
1.45797729,-61.67000000
1.45835876,-60.94797000
1.45874023,-62.18990000
1.45912170,-55.86911000
1.45950317,-56.59319000
1.45988464,-58.90604000
1.46026611,-62.68793000
1.46064758,-59.98531000
1.46102905,-58.47822000
1.46141052,-60.35023000
1.46179199,-56.81655000
1.46217346,-57.35895000
1.46255493,-61.95750000
1.46293640,-58.99790000
1.46331787,-54.91684000
1.46369934,-54.08005000
1.46408081,-54.07731000
1.46446228,-55.65321000
1.46484375,-58.02300000
1.46522522,-60.83200000
1.46560669,-58.49773000
1.46598816,-61.65064000
1.46636963,-58.79054000
1.46675110,-55.57642000
1.46713257,-53.48288000
1.46751404,-52.33027000
1.46789551,-54.21381000
1.46827698,-55.17082000
1.46865845,-54.37667000
1.46903992,-56.18332000
1.46942139,-60.64593000
1.46980286,-62.12036000
1.47018433,-57.34017000
1.47056580,-58.07810000
1.47094727,-66.54130000
1.47132874,-56.13793000
1.47171021,-53.73718000
1.47209167,-57.18537000
1.47247314,-59.71027000
1.47285461,-56.20997000
1.47323608,-56.06445000
1.47361755,-59.95760000
1.47399902,-65.79495000
1.47438049,-62.28117000
1.47476196,-61.32795000
1.47514343,-62.37445000
1.47552490,-63.42762000
1.47590637,-62.61644000
1.47628784,-60.88431000
1.47666931,-64.44870000
1.47705078,-60.97390000
1.47743225,-51.83787000
1.47781372,-49.44980000
1.47819519,-51.37312000
1.47857666,-53.68942000
1.47895813,-52.00193000
1.47933960,-53.01403000
1.47972107,-59.36921000
1.48010254,-60.87820000
1.48048401,-53.65440000
1.48086548,-51.96034000
1.48124695,-53.67612000
1.48162842,-59.54809000
1.48200989,-63.69005000
1.48239136,-56.52670000
1.48277283,-54.15546000
1.48315430,-53.74355000
1.48353577,-53.35392000
1.48391724,-54.60036000
1.48429871,-63.16375000
1.48468018,-61.93060000
1.48506165,-56.44162000
1.48544312,-57.78563000
1.48582458,-65.11145000
1.48620605,-62.10474000
1.48658752,-61.67887000
1.48696899,-82.34894000
1.48735046,-66.06126000
1.48773193,-60.42305000
1.48811340,-56.19724000
1.48849487,-55.62875000
1.48887634,-56.35279000
1.48925781,-55.55694000
1.48963928,-53.33706000
1.49002075,-52.75484000
1.49040222,-56.14668000
1.49078369,-87.08549000
1.49116516,-55.25040000
1.49154663,-50.85923000
1.49192810,-51.21485000
1.49230957,-55.38287000
1.49269104,-66.28540000
1.49307251,-62.07088000
1.49345398,-56.37109000
1.49383545,-54.39516000
1.49421692,-53.36464000
1.49459839,-53.37724000
1.49497986,-55.73038000
1.49536133,-62.37843000
1.49574280,-63.97179000
1.49612427,-57.72018000
1.49650574,-54.83471000
1.49688721,-54.55463000
1.49726868,-57.67083000
1.49765015,-63.20073000
1.49803162,-63.80577000
1.49841309,-59.06509000
1.49879456,-53.69202000
1.49917603,-49.96381000
1.49955750,-49.37157000
1.49993896,-53.60865000
1.50032043,-68.22073000
1.50070190,-53.23762000
1.50108337,-49.14802000
1.50146484,-48.70591000
1.50184631,-49.90528000
1.50222778,-51.01329000
1.50260925,-53.84000000
1.50299072,-59.37824000
1.50337219,-55.99355000
1.50375366,-57.19638000
1.50413513,-60.66914000
1.50451660,-56.07808000
1.50489807,-54.36752000
1.50527954,-54.66343000
1.50566101,-54.83522000
1.50604248,-55.93071000
1.50642395,-54.43081000
1.50680542,-53.14389000
1.50718689,-54.21143000
1.50756836,-59.08392000
1.50794983,-65.24169000
1.50833130,-62.37930000
1.50871277,-52.16545000
1.50909424,-48.73328000
1.50947571,-49.73619000
1.50985718,-54.65237000
1.51023865,-59.64052000
1.51062012,-60.36095000
1.51100159,-63.81752000
1.51138306,-64.31787000
1.51176453,-64.67019000
1.51214600,-66.99979000
1.51252747,-79.09188000
1.51290894,-60.76905000
1.51329041,-56.78227000
1.51367188,-55.80867000
1.51405334,-52.03521000
1.51443481,-50.52345000
1.51481628,-53.56440000
1.51519775,-59.19576000
1.51557922,-58.98887000
1.51596069,-57.81973000
1.51634216,-57.72318000
1.51672363,-54.50414000
1.51710510,-54.99612000
1.51748657,-59.59621000
1.51786804,-65.58775000
1.51824951,-56.08780000
1.51863098,-53.66687000
1.51901245,-57.15713000
1.51939392,-59.85188000
1.51977539,-55.32084000
1.52015686,-56.87355000
1.52053833,-63.90163000
1.52091980,-63.33666000
1.52130127,-66.67376000
1.52168274,-69.09994000
1.52206421,-65.67182000
1.52244568,-70.98238000
1.52282715,-55.12814000
1.52320862,-50.13628000
1.52359009,-49.43682000
1.52397156,-52.23965000
1.52435303,-60.08551000
1.52473450,-61.44982000
1.52511597,-52.15204000
1.52549744,-50.55272000
1.52587891,-52.40471000
1.52626038,-55.42363000
1.52664185,-55.48254000
1.52702332,-52.35320000
1.52740479,-51.21303000
1.52778625,-56.24891000
1.52816772,-58.67809000
1.52854919,-52.02333000
1.52893066,-52.04117000
1.52931213,-55.50925000
1.52969360,-59.98943000
1.53007507,-58.40285000
1.53045654,-53.94169000
1.53083801,-55.75246000
1.53121948,-75.18841000
1.53160095,-60.90944000
1.53198242,-64.49807000
1.53236389,-70.95775000
1.53274536,-60.53509000
1.53312683,-57.82307000
1.53350830,-59.25024000
1.53388977,-63.17531000
1.53427124,-64.16655000
1.53465271,-63.29174000
1.53503418,-68.46647000
1.53541565,-66.26583000
1.53579712,-58.09081000
1.53617859,-55.92097000
1.53656006,-54.60684000
1.53694153,-52.81431000
1.53732300,-54.54460000
1.53770447,-65.47658000
1.53808594,-55.75390000
1.53846741,-52.83838000
1.53884888,-53.65735000
1.53923035,-55.28475000
1.53961182,-57.03804000
1.53999329,-60.30181000
1.54037476,-60.61687000
1.54075623,-59.97641000
1.54113770,-60.44115000
1.54151917,-57.41885000
1.54190063,-55.18890000
1.54228210,-57.28496000
1.54266357,-64.39638000
1.54304504,-63.00900000
1.54342651,-64.88090000
1.54380798,-58.63482000
1.54418945,-52.60227000
1.54457092,-50.09920000
1.54495239,-50.48204000
1.54533386,-53.78012000
1.54571533,-59.53862000
1.54609680,-63.93970000
1.54647827,-59.32520000
1.54685974,-54.78409000
1.54724121,-53.15088000
1.54762268,-55.80660000
1.54800415,-63.04817000
1.54838562,-67.62219000
1.54876709,-69.04468000
1.54914856,-55.22229000
1.54953003,-50.57692000
1.54991150,-49.41515000
1.55029297,-50.39209000
1.55067444,-51.54536000
1.55105591,-50.82491000
1.55143738,-50.32962000
1.55181885,-52.93626000
1.55220032,-62.85108000
1.55258179,-60.41634000
1.55296326,-56.83197000
1.55334473,-58.24339000
1.55372620,-58.39630000
1.55410767,-56.18542000
1.55448914,-56.72097000
1.55487061,-54.71780000
1.55525208,-54.08603000
1.55563354,-60.44902000
1.55601501,-58.97030000
1.55639648,-61.48109000
1.55677795,-72.56178000
1.55715942,-74.18266000
1.55754089,-67.91077000
1.55792236,-64.17443000
1.55830383,-57.96469000
1.55868530,-57.92453000
1.55906677,-59.93490000
1.55944824,-56.72743000
1.55982971,-52.37499000
1.56021118,-51.04810000
1.56059265,-52.72665000
1.56097412,-60.54182000
1.56135559,-63.47946000
1.56173706,-56.66441000
1.56211853,-56.04990000
