Pixel index,Intensity
1.00000000,0.00024642
2.00000000,0.00023903
3.00000000,0.00047196
4.00000000,0.00148311
5.00000000,0.00170522
6.00000000,0.00166742
7.00000000,0.00175705
8.00000000,0.00174940
9.00000000,0.00175176
10.00000000,0.00175995
11.00000000,0.00174117
12.00000000,0.00161717
13.00000000,0.00172002
14.00000000,0.00167588
15.00000000,0.00171210
16.00000000,0.00178112
17.00000000,0.00175176
18.00000000,0.00166742
19.00000000,0.00167454
20.00000000,0.00157488
21.00000000,0.00166185
22.00000000,0.00168063
23.00000000,0.00160632
24.00000000,0.00161003
25.00000000,0.00165261
26.00000000,0.00170313
27.00000000,0.00176498
28.00000000,0.00166477
29.00000000,0.00166980
30.00000000,0.00173880
31.00000000,0.00175439
32.00000000,0.00173617
33.00000000,0.00180728
34.00000000,0.00173882
35.00000000,0.00173591
36.00000000,0.00167588
37.00000000,0.00172269
38.00000000,0.00172295
39.00000000,0.00175703
40.00000000,0.00181814
41.00000000,0.00181523
42.00000000,0.00168593
43.00000000,0.00171473
44.00000000,0.00170443
45.00000000,0.00170415
46.00000000,0.00170177
47.00000000,0.00173060
48.00000000,0.00170125
49.00000000,0.00173852
50.00000000,0.00169648
51.00000000,0.00168828
52.00000000,0.00173087
53.00000000,0.00173854
54.00000000,0.00171768
55.00000000,0.00178084
56.00000000,0.00165447
57.00000000,0.00165657
58.00000000,0.00171420
59.00000000,0.00171472
60.00000000,0.00170442
61.00000000,0.00177819
62.00000000,0.00173881
63.00000000,0.00170151
64.00000000,0.00167270
65.00000000,0.00178877
66.00000000,0.00177423
67.00000000,0.00167506
68.00000000,0.00163834
69.00000000,0.00169095
70.00000000,0.00158280
71.00000000,0.00163566
72.00000000,0.00165366
73.00000000,0.00166026
74.00000000,0.00164889
75.00000000,0.00168827
76.00000000,0.00164625
77.00000000,0.00172795
78.00000000,0.00172294
79.00000000,0.00167771
80.00000000,0.00156956
81.00000000,0.00161901
82.00000000,0.00165155
83.00000000,0.00173325
84.00000000,0.00166478
85.00000000,0.00168566
86.00000000,0.00170972
87.00000000,0.00174910
88.00000000,0.00173881
89.00000000,0.00172266
90.00000000,0.00172558
91.00000000,0.00174118
92.00000000,0.00165420
93.00000000,0.00170944
94.00000000,0.00170178
95.00000000,0.00175967
96.00000000,0.00169119
97.00000000,0.00165920
98.00000000,0.00171501
99.00000000,0.00177819
100.00000000,0.00174147
101.00000000,0.00175494
102.00000000,0.00166662
103.00000000,0.00168828
104.00000000,0.00172636
105.00000000,0.00177950
106.00000000,0.00174116
107.00000000,0.00168035
108.00000000,0.00167271
109.00000000,0.00181626
110.00000000,0.00178640
111.00000000,0.00178612
112.00000000,0.00172637
113.00000000,0.00172371
114.00000000,0.00174410
115.00000000,0.00177555
116.00000000,0.00168855
117.00000000,0.00169358
118.00000000,0.00174674
119.00000000,0.00175783
120.00000000,0.00171237
121.00000000,0.00174382
122.00000000,0.00168328
123.00000000,0.00161954
124.00000000,0.00170971
125.00000000,0.00176496
126.00000000,0.00165656
127.00000000,0.00170494
128.00000000,0.00172558
129.00000000,0.00165656
130.00000000,0.00164626
131.00000000,0.00169358
132.00000000,0.00166477
133.00000000,0.00166713
134.00000000,0.00158544
135.00000000,0.00160633
136.00000000,0.00158809
137.00000000,0.00170946
138.00000000,0.00169915
139.00000000,0.00164467
140.00000000,0.00162643
141.00000000,0.00172373
142.00000000,0.00168064
143.00000000,0.00167772
144.00000000,0.00166479
145.00000000,0.00171475
146.00000000,0.00167588
147.00000000,0.00168564
148.00000000,0.00161718
149.00000000,0.00159310
150.00000000,0.00160368
151.00000000,0.00164597
152.00000000,0.00164890
153.00000000,0.00165788
154.00000000,0.00161981
155.00000000,0.00166183
156.00000000,0.00169121
157.00000000,0.00172266
158.00000000,0.00173642
159.00000000,0.00181787
160.00000000,0.00173087
161.00000000,0.00165893
162.00000000,0.00171237
163.00000000,0.00184695
164.00000000,0.00177318
165.00000000,0.00168564
166.00000000,0.00163832
167.00000000,0.00175968
168.00000000,0.00180862
169.00000000,0.00177555
170.00000000,0.00171501
171.00000000,0.00178348
172.00000000,0.00174937
173.00000000,0.00172450
174.00000000,0.00175467
175.00000000,0.00173061
176.00000000,0.00165949
177.00000000,0.00168829
178.00000000,0.00163038
179.00000000,0.00168564
180.00000000,0.00166477
181.00000000,0.00164070
182.00000000,0.00163066
183.00000000,0.00165655
184.00000000,0.00161983
185.00000000,0.00164202
186.00000000,0.00163039
187.00000000,0.00168828
188.00000000,0.00167799
189.00000000,0.00165657
190.00000000,0.00165341
191.00000000,0.00164943
192.00000000,0.00164468
193.00000000,0.00174382
194.00000000,0.00170972
195.00000000,0.00172795
196.00000000,0.00169386
197.00000000,0.00171474
198.00000000,0.00168858
199.00000000,0.00173325
200.00000000,0.00167535
201.00000000,0.00170680
202.00000000,0.00169122
203.00000000,0.00176207
204.00000000,0.00186838
205.00000000,0.00188397
206.00000000,0.00176525
207.00000000,0.00171736
208.00000000,0.00173615
209.00000000,0.00180199
210.00000000,0.00168857
211.00000000,0.00177290
212.00000000,0.00177583
213.00000000,0.00182844
214.00000000,0.00174940
215.00000000,0.00170152
216.00000000,0.00173088
217.00000000,0.00178613
218.00000000,0.00177846
219.00000000,0.00179671
220.00000000,0.00167879
221.00000000,0.00169622
222.00000000,0.00167799
223.00000000,0.00166793
224.00000000,0.00166477
225.00000000,0.00175968
226.00000000,0.00175203
227.00000000,0.00175175
228.00000000,0.00172558
229.00000000,0.00176497
230.00000000,0.00173617
231.00000000,0.00174911
232.00000000,0.00165155
233.00000000,0.00170151
234.00000000,0.00172560
235.00000000,0.00177160
236.00000000,0.00174410
237.00000000,0.00175016
238.00000000,0.00178112
239.00000000,0.00185224
240.00000000,0.00175733
241.00000000,0.00173590
242.00000000,0.00168037
243.00000000,0.00175176
244.00000000,0.00179964
245.00000000,0.00191836
246.00000000,0.00193978
247.00000000,0.00187868
248.00000000,0.00185515
249.00000000,0.00192363
250.00000000,0.00187895
251.00000000,0.00181784
252.00000000,0.00172029
253.00000000,0.00168829
254.00000000,0.00166742
255.00000000,0.00169624
256.00000000,0.00164388
257.00000000,0.00168565
258.00000000,0.00167271
259.00000000,0.00168699
260.00000000,0.00168117
261.00000000,0.00171580
262.00000000,0.00164970
263.00000000,0.00170151
264.00000000,0.00166741
265.00000000,0.00164862
266.00000000,0.00159602
267.00000000,0.00168643
268.00000000,0.00171235
269.00000000,0.00172531
270.00000000,0.00168330
271.00000000,0.00172876
272.00000000,0.00167800
273.00000000,0.00167507
274.00000000,0.00162378
275.00000000,0.00168457
276.00000000,0.00177157
277.00000000,0.00182577
278.00000000,0.00184457
279.00000000,0.00186015
280.00000000,0.00180754
281.00000000,0.00184164
282.00000000,0.00183135
283.00000000,0.00192098
284.00000000,0.00187894
285.00000000,0.00191568
286.00000000,0.00193714
287.00000000,0.00197653
288.00000000,0.00188955
289.00000000,0.00184166
290.00000000,0.00185779
291.00000000,0.00189982
292.00000000,0.00184722
293.00000000,0.00191569
294.00000000,0.00187630
295.00000000,0.00183901
296.00000000,0.00172823
297.00000000,0.00175441
298.00000000,0.00178641
299.00000000,0.00175704
300.00000000,0.00168856
301.00000000,0.00166712
302.00000000,0.00163672
303.00000000,0.00169093
304.00000000,0.00170181
305.00000000,0.00171474
306.00000000,0.00165313
307.00000000,0.00167507
308.00000000,0.00169704
309.00000000,0.00175863
310.00000000,0.00171765
311.00000000,0.00170678
312.00000000,0.00166739
313.00000000,0.00172266
314.00000000,0.00170177
315.00000000,0.00169435
316.00000000,0.00161980
317.00000000,0.00166449
318.00000000,0.00170709
319.00000000,0.00173325
320.00000000,0.00172929
321.00000000,0.00178612
322.00000000,0.00178904
323.00000000,0.00181785
324.00000000,0.00177318
325.00000000,0.00185487
326.00000000,0.00185779
327.00000000,0.00180462
328.00000000,0.00176128
329.00000000,0.00186811
330.00000000,0.00189481
331.00000000,0.00196064
332.00000000,0.00190538
333.00000000,0.00192361
334.00000000,0.00194506
335.00000000,0.00196065
336.00000000,0.00195828
337.00000000,0.00193420
338.00000000,0.00182474
339.00000000,0.00186175
340.00000000,0.00190274
341.00000000,0.00195007
342.00000000,0.00191863
343.00000000,0.00194479
344.00000000,0.00182871
345.00000000,0.00178031
346.00000000,0.00173616
347.00000000,0.00176232
348.00000000,0.00167535
349.00000000,0.00176233
350.00000000,0.00178641
351.00000000,0.00171473
352.00000000,0.00169492
353.00000000,0.00182316
354.00000000,0.00180227
355.00000000,0.00173852
356.00000000,0.00164203
357.00000000,0.00170548
358.00000000,0.00172295
359.00000000,0.00179670
360.00000000,0.00172558
361.00000000,0.00171896
362.00000000,0.00174145
363.00000000,0.00175175
364.00000000,0.00174145
365.00000000,0.00182315
366.00000000,0.00175203
367.00000000,0.00175546
368.00000000,0.00173618
369.00000000,0.00175703
370.00000000,0.00181470
371.00000000,0.00189136
372.00000000,0.00182869
373.00000000,0.00178348
374.00000000,0.00177054
375.00000000,0.00183372
376.00000000,0.00188158
377.00000000,0.00184694
378.00000000,0.00175734
379.00000000,0.00181258
380.00000000,0.00181550
381.00000000,0.00183902
382.00000000,0.00181548
383.00000000,0.00184694
384.00000000,0.00181972
385.00000000,0.00195272
386.00000000,0.00195828
387.00000000,0.00184165
388.00000000,0.00179433
389.00000000,0.00186281
390.00000000,0.00171236
391.00000000,0.00169887
392.00000000,0.00167007
393.00000000,0.00176233
394.00000000,0.00179962
395.00000000,0.00176496
396.00000000,0.00171235
397.00000000,0.00178347
398.00000000,0.00181232
399.00000000,0.00186018
400.00000000,0.00182343
401.00000000,0.00177819
402.00000000,0.00174674
403.00000000,0.00177026
404.00000000,0.00170707
405.00000000,0.00173587
406.00000000,0.00170177
407.00000000,0.00174645
408.00000000,0.00175996
409.00000000,0.00176498
410.00000000,0.00169836
411.00000000,0.00169095
412.00000000,0.00170709
413.00000000,0.00183373
414.00000000,0.00184987
415.00000000,0.00188132
416.00000000,0.00181100
417.00000000,0.00176498
418.00000000,0.00174673
419.00000000,0.00175703
420.00000000,0.00177317
421.00000000,0.00179406
422.00000000,0.00179169
423.00000000,0.00184694
424.00000000,0.00173221
425.00000000,0.00178083
426.00000000,0.00185780
427.00000000,0.00182579
428.00000000,0.00178904
429.00000000,0.00182843
430.00000000,0.00179698
431.00000000,0.00181785
432.00000000,0.00179170
433.00000000,0.00174725
434.00000000,0.00172690
435.00000000,0.00175439
436.00000000,0.00173351
437.00000000,0.00174117
438.00000000,0.00163039
439.00000000,0.00168830
440.00000000,0.00166741
441.00000000,0.00159839
442.00000000,0.00165948
443.00000000,0.00180198
444.00000000,0.00174144
445.00000000,0.00175175
446.00000000,0.00166213
447.00000000,0.00168036
448.00000000,0.00168064
449.00000000,0.00173852
450.00000000,0.00181549
451.00000000,0.00180200
452.00000000,0.00184722
453.00000000,0.00195878
454.00000000,0.00191331
455.00000000,0.00191040
456.00000000,0.00187497
457.00000000,0.00184693
458.00000000,0.00182606
459.00000000,0.00187074
460.00000000,0.00183400
461.00000000,0.00192099
462.00000000,0.00179434
463.00000000,0.00184693
464.00000000,0.00187630
465.00000000,0.00177291
466.00000000,0.00183136
467.00000000,0.00193156
468.00000000,0.00187632
469.00000000,0.00184694
470.00000000,0.00181020
471.00000000,0.00183107
472.00000000,0.00179803
473.00000000,0.00171209
474.00000000,0.00163569
475.00000000,0.00175440
476.00000000,0.00178903
477.00000000,0.00186809
478.00000000,0.00180941
479.00000000,0.00187074
480.00000000,0.00188953
481.00000000,0.00190513
482.00000000,0.00185252
483.00000000,0.00178349
484.00000000,0.00177319
485.00000000,0.00179935
486.00000000,0.00178376
487.00000000,0.00183901
488.00000000,0.00178906
489.00000000,0.00177027
490.00000000,0.00182607
491.00000000,0.00192653
492.00000000,0.00185516
493.00000000,0.00187339
494.00000000,0.00189482
495.00000000,0.00186546
496.00000000,0.00183930
497.00000000,0.00183901
498.00000000,0.00184192
499.00000000,0.00194743
500.00000000,0.00193715
501.00000000,0.00191572
502.00000000,0.00189218
503.00000000,0.00199237
504.00000000,0.00204023
505.00000000,0.00206905
506.00000000,0.00199000
507.00000000,0.00194741
508.00000000,0.00190273
509.00000000,0.00189190
510.00000000,0.00185780
511.00000000,0.00189982
512.00000000,0.00193922
513.00000000,0.00205318
514.00000000,0.00194505
515.00000000,0.00195535
516.00000000,0.00191332
517.00000000,0.00180728
518.00000000,0.00182608
519.00000000,0.00198445
520.00000000,0.00193977
521.00000000,0.00190774
522.00000000,0.00189745
523.00000000,0.00190777
524.00000000,0.00199265
525.00000000,0.00212987
526.00000000,0.00195826
527.00000000,0.00188131
528.00000000,0.00190541
529.00000000,0.00189719
530.00000000,0.00187896
531.00000000,0.00195007
532.00000000,0.00189481
533.00000000,0.00198179
534.00000000,0.00195300
535.00000000,0.00196330
536.00000000,0.00195829
537.00000000,0.00201088
538.00000000,0.00202965
539.00000000,0.00198443
540.00000000,0.00193184
541.00000000,0.00208492
542.00000000,0.00209842
543.00000000,0.00206642
544.00000000,0.00196622
545.00000000,0.00201352
546.00000000,0.00201380
547.00000000,0.00207566
548.00000000,0.00203760
549.00000000,0.00209813
550.00000000,0.00203495
551.00000000,0.00197914
552.00000000,0.00192126
553.00000000,0.00186546
554.00000000,0.00185252
555.00000000,0.00190195
556.00000000,0.00187367
557.00000000,0.00200561
558.00000000,0.00199531
559.00000000,0.00191835
560.00000000,0.00183136
561.00000000,0.00178613
562.00000000,0.00186574
563.00000000,0.00191835
564.00000000,0.00177056
565.00000000,0.00179936
566.00000000,0.00177528
567.00000000,0.00181362
568.00000000,0.00185251
569.00000000,0.00188925
570.00000000,0.00187102
571.00000000,0.00191569
572.00000000,0.00189744
573.00000000,0.00199500
574.00000000,0.00206140
575.00000000,0.00202411
576.00000000,0.00199530
577.00000000,0.00203998
578.00000000,0.00192126
579.00000000,0.00194769
580.00000000,0.00201645
581.00000000,0.00205055
582.00000000,0.00198735
583.00000000,0.00196592
584.00000000,0.00196356
585.00000000,0.00197915
586.00000000,0.00192919
587.00000000,0.00210344
588.00000000,0.00217246
589.00000000,0.00212986
590.00000000,0.00203496
591.00000000,0.00206905
592.00000000,0.00200163
593.00000000,0.00194477
594.00000000,0.00176949
595.00000000,0.00183373
596.00000000,0.00183928
597.00000000,0.00180462
598.00000000,0.00182607
599.00000000,0.00188687
600.00000000,0.00183134
601.00000000,0.00183636
602.00000000,0.00172824
603.00000000,0.00169386
604.00000000,0.00165686
605.00000000,0.00177690
606.00000000,0.00175733
607.00000000,0.00173590
608.00000000,0.00179699
609.00000000,0.00178085
610.00000000,0.00170444
611.00000000,0.00172532
612.00000000,0.00169386
613.00000000,0.00175970
614.00000000,0.00176131
615.00000000,0.00179936
616.00000000,0.00185251
617.00000000,0.00192097
618.00000000,0.00193713
619.00000000,0.00193950
620.00000000,0.00193976
621.00000000,0.00203466
622.00000000,0.00200320
623.00000000,0.00195799
624.00000000,0.00187103
625.00000000,0.00193158
626.00000000,0.00208257
627.00000000,0.00217484
628.00000000,0.00205085
629.00000000,0.00195801
630.00000000,0.00186836
631.00000000,0.00184165
632.00000000,0.00184458
633.00000000,0.00195800
634.00000000,0.00196620
635.00000000,0.00199765
636.00000000,0.00192919
637.00000000,0.00202411
638.00000000,0.00194243
639.00000000,0.00189719
640.00000000,0.00190803
641.00000000,0.00188131
642.00000000,0.00188953
643.00000000,0.00193420
644.00000000,0.00190644
645.00000000,0.00203203
646.00000000,0.00195829
647.00000000,0.00192627
648.00000000,0.00197942
649.00000000,0.00194741
650.00000000,0.00187631
651.00000000,0.00192892
652.00000000,0.00193975
653.00000000,0.00204261
654.00000000,0.00203761
655.00000000,0.00202676
656.00000000,0.00205613
657.00000000,0.00212988
658.00000000,0.00209049
659.00000000,0.00206642
660.00000000,0.00216982
661.00000000,0.00231761
662.00000000,0.00224651
663.00000000,0.00219333
664.00000000,0.00220684
665.00000000,0.00219597
666.00000000,0.00213544
667.00000000,0.00217220
668.00000000,0.00215660
669.00000000,0.00220921
670.00000000,0.00224650
671.00000000,0.00229910
672.00000000,0.00223328
673.00000000,0.00226208
674.00000000,0.00221740
675.00000000,0.00222771
676.00000000,0.00212486
677.00000000,0.00211928
678.00000000,0.00220683
679.00000000,0.00224358
680.00000000,0.00215924
681.00000000,0.00223035
682.00000000,0.00218304
683.00000000,0.00218276
684.00000000,0.00206142
685.00000000,0.00213252
686.00000000,0.00215924
687.00000000,0.00207699
688.00000000,0.00201117
689.00000000,0.00215104
690.00000000,0.00226501
691.00000000,0.00244454
692.00000000,0.00237078
693.00000000,0.00235991
694.00000000,0.00238929
695.00000000,0.00246569
696.00000000,0.00241838
697.00000000,0.00252147
698.00000000,0.00261933
699.00000000,0.00264285
700.00000000,0.00268807
701.00000000,0.00272480
702.00000000,0.00271981
703.00000000,0.00278562
704.00000000,0.00270922
705.00000000,0.00283323
706.00000000,0.00292078
707.00000000,0.00290992
708.00000000,0.00286789
709.00000000,0.00283322
710.00000000,0.00280178
711.00000000,0.00289670
712.00000000,0.00288111
713.00000000,0.00288875
714.00000000,0.00280707
715.00000000,0.00287819
716.00000000,0.00283087
717.00000000,0.00286495
718.00000000,0.00284145
719.00000000,0.00272218
720.00000000,0.00265900
721.00000000,0.00268252
722.00000000,0.00270660
723.00000000,0.00280944
724.00000000,0.00265107
725.00000000,0.00267458
726.00000000,0.00261139
727.00000000,0.00250534
728.00000000,0.00251886
729.00000000,0.00261905
730.00000000,0.00254266
731.00000000,0.00244983
732.00000000,0.00244218
733.00000000,0.00250800
734.00000000,0.00249242
735.00000000,0.00258468
736.00000000,0.00252148
737.00000000,0.00262963
738.00000000,0.00267487
739.00000000,0.00272217
740.00000000,0.00271716
741.00000000,0.00278298
742.00000000,0.00280706
743.00000000,0.00283322
744.00000000,0.00286789
745.00000000,0.00299453
746.00000000,0.00300540
747.00000000,0.00305269
748.00000000,0.00321691
749.00000000,0.00330918
750.00000000,0.00335178
751.00000000,0.00343347
752.00000000,0.00340733
753.00000000,0.00335678
754.00000000,0.00322219
755.00000000,0.00336207
756.00000000,0.00343377
757.00000000,0.00343081
758.00000000,0.00341788
759.00000000,0.00343346
760.00000000,0.00337823
761.00000000,0.00344406
762.00000000,0.00324602
763.00000000,0.00319550
764.00000000,0.00316405
765.00000000,0.00312939
766.00000000,0.00302125
767.00000000,0.00308178
768.00000000,0.00297630
769.00000000,0.00286232
770.00000000,0.00279385
771.00000000,0.00282794
772.00000000,0.00273833
773.00000000,0.00271690
774.00000000,0.00265107
775.00000000,0.00264021
776.00000000,0.00259819
777.00000000,0.00248419
778.00000000,0.00235756
779.00000000,0.00240224
780.00000000,0.00234963
781.00000000,0.00240752
782.00000000,0.00244482
783.00000000,0.00247627
784.00000000,0.00248977
785.00000000,0.00258468
786.00000000,0.00257968
787.00000000,0.00260319
788.00000000,0.00262198
789.00000000,0.00268251
790.00000000,0.00273567
791.00000000,0.00280678
792.00000000,0.00275420
793.00000000,0.00279093
794.00000000,0.00279123
795.00000000,0.00288348
796.00000000,0.00294986
797.00000000,0.00307384
798.00000000,0.00305562
799.00000000,0.00305270
800.00000000,0.00302919
801.00000000,0.00302888
802.00000000,0.00298422
803.00000000,0.00297073
804.00000000,0.00281765
805.00000000,0.00283057
806.00000000,0.00285732
807.00000000,0.00284117
808.00000000,0.00278856
809.00000000,0.00282794
810.00000000,0.00279649
811.00000000,0.00278034
812.00000000,0.00267222
813.00000000,0.00258202
814.00000000,0.00240779
815.00000000,0.00243659
816.00000000,0.00240250
817.00000000,0.00245512
818.00000000,0.00237078
819.00000000,0.00233349
820.00000000,0.00227825
821.00000000,0.00225681
822.00000000,0.00213808
823.00000000,0.00221976
824.00000000,0.00214072
825.00000000,0.00215103
826.00000000,0.00205877
827.00000000,0.00209285
828.00000000,0.00205611
829.00000000,0.00206113
830.00000000,0.00206933
831.00000000,0.00207434
832.00000000,0.00201380
833.00000000,0.00209286
834.00000000,0.00210582
835.00000000,0.00216689
836.00000000,0.00214709
837.00000000,0.00214310
838.00000000,0.00209578
839.00000000,0.00213780
840.00000000,0.00208519
841.00000000,0.00209020
842.00000000,0.00212222
843.00000000,0.00212723
844.00000000,0.00202439
845.00000000,0.00207964
846.00000000,0.00216717
847.00000000,0.00223828
848.00000000,0.00217510
849.00000000,0.00217219
850.00000000,0.00216983
851.00000000,0.00221713
852.00000000,0.00223856
853.00000000,0.00225943
854.00000000,0.00219625
855.00000000,0.00219862
856.00000000,0.00229145
857.00000000,0.00239693
858.00000000,0.00237606
859.00000000,0.00245776
860.00000000,0.00252414
861.00000000,0.00273274
862.00000000,0.00278854
863.00000000,0.00279883
864.00000000,0.00280441
865.00000000,0.00279354
866.00000000,0.00279384
867.00000000,0.00286760
868.00000000,0.00285467
869.00000000,0.00295222
870.00000000,0.00302126
871.00000000,0.00302888
872.00000000,0.00297363
873.00000000,0.00302360
874.00000000,0.00290490
875.00000000,0.00285966
876.00000000,0.00277799
877.00000000,0.00276184
878.00000000,0.00266427
879.00000000,0.00262696
880.00000000,0.00261669
881.00000000,0.00260319
882.00000000,0.00246597
883.00000000,0.00241810
884.00000000,0.00238134
885.00000000,0.00244186
886.00000000,0.00221741
887.00000000,0.00214044
888.00000000,0.00216716
889.00000000,0.00227794
890.00000000,0.00227029
891.00000000,0.00235992
892.00000000,0.00231260
893.00000000,0.00234934
894.00000000,0.00235227
895.00000000,0.00261642
896.00000000,0.00271718
897.00000000,0.00275126
898.00000000,0.00286525
899.00000000,0.00312939
900.00000000,0.00337295
901.00000000,0.00356303
902.00000000,0.00386741
903.00000000,0.00415534
904.00000000,0.00435393
905.00000000,0.00468679
906.00000000,0.00493828
907.00000000,0.00516803
908.00000000,0.00531907
909.00000000,0.00558056
910.00000000,0.00577125
911.00000000,0.00603007
912.00000000,0.00618373
913.00000000,0.00629183
914.00000000,0.00635296
915.00000000,0.00650602
916.00000000,0.00651692
917.00000000,0.00647164
918.00000000,0.00642964
919.00000000,0.00651658
920.00000000,0.00651162
921.00000000,0.00641348
922.00000000,0.00617580
923.00000000,0.00611732
924.00000000,0.00592461
925.00000000,0.00578414
926.00000000,0.00559935
927.00000000,0.00548007
928.00000000,0.00520803
929.00000000,0.00509402
930.00000000,0.00490394
931.00000000,0.00474500
932.00000000,0.00442534
933.00000000,0.00430869
934.00000000,0.00409746
935.00000000,0.00403898
936.00000000,0.00391763
937.00000000,0.00392263
938.00000000,0.00385153
939.00000000,0.00392262
940.00000000,0.00403927
941.00000000,0.00418177
942.00000000,0.00429313
943.00000000,0.00454139
944.00000000,0.00474266
945.00000000,0.00493537
946.00000000,0.00516305
947.00000000,0.00548006
948.00000000,0.00581883
949.00000000,0.00630242
950.00000000,0.00664650
951.00000000,0.00705074
952.00000000,0.00737892
953.00000000,0.00771703
954.00000000,0.00800556
955.00000000,0.00831990
956.00000000,0.00853971
957.00000000,0.00894924
958.00000000,0.00918230
959.00000000,0.00947282
960.00000000,0.00974550
961.00000000,0.00993552
962.00000000,0.00991735
963.00000000,0.01012591
964.00000000,0.01001784
965.00000000,0.01004129
966.00000000,0.01014475
967.00000000,0.01016559
968.00000000,0.01010778
969.00000000,0.00998314
970.00000000,0.00951544
971.00000000,0.00925862
972.00000000,0.00888876
973.00000000,0.00858434
974.00000000,0.00822771
975.00000000,0.00795768
976.00000000,0.00756136
977.00000000,0.00724374
978.00000000,0.00679984
979.00000000,0.00637380
980.00000000,0.00601979
981.00000000,0.00578151
982.00000000,0.00538519
983.00000000,0.00518921
984.00000000,0.00486426
985.00000000,0.00480844
986.00000000,0.00467918
987.00000000,0.00461807
988.00000000,0.00449408
989.00000000,0.00451493
990.00000000,0.00453639
991.00000000,0.00454933
992.00000000,0.00466334
993.00000000,0.00491951
994.00000000,0.00488280
995.00000000,0.00512575
996.00000000,0.00543541
997.00000000,0.00572599
998.00000000,0.00591402
999.00000000,0.00629448
1000.00000000,0.00673374
1001.00000000,0.00713798
1002.00000000,0.00727315
1003.00000000,0.00762982
1004.00000000,0.00784963
1005.00000000,0.00807669
1006.00000000,0.00834143
1007.00000000,0.00863990
1008.00000000,0.00868255
1009.00000000,0.00881969
1010.00000000,0.00888349
1011.00000000,0.00920046
1012.00000000,0.00913998
1013.00000000,0.00908412
1014.00000000,0.00905271
1015.00000000,0.00896248
1016.00000000,0.00883062
1017.00000000,0.00865576
1018.00000000,0.00827002
1019.00000000,0.00801586
1020.00000000,0.00751376
1021.00000000,0.00743677
1022.00000000,0.00717532
1023.00000000,0.00671755
1024.00000000,0.00633445
1025.00000000,0.00608295
1026.00000000,0.00570778
1027.00000000,0.00543512
1028.00000000,0.00507316
1029.00000000,0.00484811
1030.00000000,0.00450467
1031.00000000,0.00432456
1032.00000000,0.00403664
1033.00000000,0.00389884
1034.00000000,0.00360300
1035.00000000,0.00342025
1036.00000000,0.00324073
1037.00000000,0.00320607
1038.00000000,0.00314025
1039.00000000,0.00310823
1040.00000000,0.00287318
1041.00000000,0.00288082
1042.00000000,0.00285994
1043.00000000,0.00292311
1044.00000000,0.00293398
1045.00000000,0.00299717
1046.00000000,0.00301862
1047.00000000,0.00302361
1048.00000000,0.00294191
1049.00000000,0.00308441
1050.00000000,0.00319048
1051.00000000,0.00333825
1052.00000000,0.00332268
1053.00000000,0.00349164
1054.00000000,0.00363736
1055.00000000,0.00367673
1056.00000000,0.00365323
1057.00000000,0.00378781
1058.00000000,0.00385421
1059.00000000,0.00393852
1060.00000000,0.00391765
1061.00000000,0.00398082
1062.00000000,0.00389649
1063.00000000,0.00394115
1064.00000000,0.00401283
1065.00000000,0.00403634
1066.00000000,0.00399432
1067.00000000,0.00411300
1068.00000000,0.00417941
1069.00000000,0.00422143
1070.00000000,0.00424022
1071.00000000,0.00430602
1072.00000000,0.00428253
1073.00000000,0.00444090
1074.00000000,0.00449407
1075.00000000,0.00467357
1076.00000000,0.00491187
1077.00000000,0.00511517
1078.00000000,0.00524238
1079.00000000,0.00550122
1080.00000000,0.00567869
1081.00000000,0.00591371
1082.00000000,0.00620223
1083.00000000,0.00647957
1084.00000000,0.00658034
1085.00000000,0.00681272
1086.00000000,0.00695318
1087.00000000,0.00718820
1088.00000000,0.00726258
1089.00000000,0.00730192
1090.00000000,0.00744767
1091.00000000,0.00759015
1092.00000000,0.00739215
1093.00000000,0.00735480
1094.00000000,0.00720967
1095.00000000,0.00723580
1096.00000000,0.00704045
1097.00000000,0.00689734
1098.00000000,0.00656713
1099.00000000,0.00644521
1100.00000000,0.00634504
1101.00000000,0.00609352
1102.00000000,0.00549624
1103.00000000,0.00519979
1104.00000000,0.00496739
1105.00000000,0.00484016
1106.00000000,0.00448350
1107.00000000,0.00422672
1108.00000000,0.00402606
1109.00000000,0.00405748
1110.00000000,0.00398639
1111.00000000,0.00390149
1112.00000000,0.00391235
1113.00000000,0.00420557
1114.00000000,0.00443326
1115.00000000,0.00464186
1116.00000000,0.00515515
1117.00000000,0.00585820
1118.00000000,0.00646139
1119.00000000,0.00718556
1120.00000000,0.00802411
1121.00000000,0.00912642
1122.00000000,0.01021881
1123.00000000,0.01131582
1124.00000000,0.01237388
1125.00000000,0.01391772
1126.00000000,0.01508155
1127.00000000,0.01641384
1128.00000000,0.01759089
1129.00000000,0.01896282
1130.00000000,0.02001300
1131.00000000,0.02135850
1132.00000000,0.02229760
1133.00000000,0.02331252
1134.00000000,0.02409039
1135.00000000,0.02495988
1136.00000000,0.02549711
1137.00000000,0.02602811
1138.00000000,0.02618193
1139.00000000,0.02643797
1140.00000000,0.02662617
1141.00000000,0.02671296
1142.00000000,0.02677160
1143.00000000,0.02640623
1144.00000000,0.02594133
1145.00000000,0.02495987
1146.00000000,0.02426491
1147.00000000,0.02349765
1148.00000000,0.02282646
1149.00000000,0.02184238
1150.00000000,0.02094377
1151.00000000,0.01983808
1152.00000000,0.01889979
1153.00000000,0.01763811
1154.00000000,0.01651734
1155.00000000,0.01550686
1156.00000000,0.01459236
1157.00000000,0.01373790
1158.00000000,0.01295030
1159.00000000,0.01240787
1160.00000000,0.01206448
1161.00000000,0.01190810
1162.00000000,0.01197193
1163.00000000,0.01225716
1164.00000000,0.01255104
1165.00000000,0.01343118
1166.00000000,0.01414811
1167.00000000,0.01518955
1168.00000000,0.01624498
1169.00000000,0.01793953
1170.00000000,0.01952648
1171.00000000,0.02158851
1172.00000000,0.02324156
1173.00000000,0.02559182
1174.00000000,0.02734805
1175.00000000,0.02981725
1176.00000000,0.03162111
1177.00000000,0.03379679
1178.00000000,0.03547901
1179.00000000,0.03749599
1180.00000000,0.03941626
1181.00000000,0.04135919
1182.00000000,0.04263697
1183.00000000,0.04382887
1184.00000000,0.04514361
1185.00000000,0.04643865
1186.00000000,0.04716908
1187.00000000,0.04690406
1188.00000000,0.04708453
1189.00000000,0.04684328
1190.00000000,0.04683859
1191.00000000,0.04595211
1192.00000000,0.04557197
1193.00000000,0.04452427
1194.00000000,0.04373162
1195.00000000,0.04125869
1196.00000000,0.03961722
1197.00000000,0.03736381
1198.00000000,0.03550282
1199.00000000,0.03279991
1200.00000000,0.03098386
1201.00000000,0.02825188
1202.00000000,0.02656536
1203.00000000,0.02430941
1204.00000000,0.02268104
1205.00000000,0.02062870
1206.00000000,0.01909017
1207.00000000,0.01767775
1208.00000000,0.01655700
1209.00000000,0.01560204
1210.00000000,0.01499688
1211.00000000,0.01449677
1212.00000000,0.01430148
1213.00000000,0.01452059
1214.00000000,0.01486473
1215.00000000,0.01575014
1216.00000000,0.01653585
1217.00000000,0.01797919
1218.00000000,0.01928055
1219.00000000,0.02138753
1220.00000000,0.02314372
1221.00000000,0.02555746
1222.00000000,0.02733747
1223.00000000,0.02969828
1224.00000000,0.03166609
1225.00000000,0.03421455
1226.00000000,0.03607131
1227.00000000,0.03824169
1228.00000000,0.03988429
1229.00000000,0.04190916
1230.00000000,0.04340373
1231.00000000,0.04466177
1232.00000000,0.04559051
1233.00000000,0.04616105
1234.00000000,0.04667994
1235.00000000,0.04674805
1236.00000000,0.04690471
1237.00000000,0.04606324
1238.00000000,0.04564076
1239.00000000,0.04424929
1240.00000000,0.04359677
1241.00000000,0.04186159
1242.00000000,0.04073046
1243.00000000,0.03843469
1244.00000000,0.03683285
1245.00000000,0.03449482
1246.00000000,0.03287181
1247.00000000,0.03017422
1248.00000000,0.02813868
1249.00000000,0.02559713
1250.00000000,0.02386562
1251.00000000,0.02150656
1252.00000000,0.01969040
1253.00000000,0.01777557
1254.00000000,0.01632431
1255.00000000,0.01493043
1256.00000000,0.01375149
1257.00000000,0.01286532
1258.00000000,0.01229189
1259.00000000,0.01213024
1260.00000000,0.01186086
1261.00000000,0.01204561
1262.00000000,0.01226016
1263.00000000,0.01288117
1264.00000000,0.01339188
1265.00000000,0.01443597
1266.00000000,0.01526134
1267.00000000,0.01633979
1268.00000000,0.01714932
1269.00000000,0.01858737
1270.00000000,0.01956611
1271.00000000,0.02079788
1272.00000000,0.02143555
1273.00000000,0.02215965
1274.00000000,0.02282907
1275.00000000,0.02353198
1276.00000000,0.02369904
1277.00000000,0.02392335
1278.00000000,0.02406658
1279.00000000,0.02407141
1280.00000000,0.02404013
1281.00000000,0.02399476
1282.00000000,0.02379159
1283.00000000,0.02303753
1284.00000000,0.02257790
1285.00000000,0.02219933
1286.00000000,0.02204904
1287.00000000,0.02181858
1288.00000000,0.02157046
1289.00000000,0.02117604
1290.00000000,0.02135098
1291.00000000,0.02171282
1292.00000000,0.02192213
1293.00000000,0.02249020
1294.00000000,0.02299305
1295.00000000,0.02374619
1296.00000000,0.02453724
1297.00000000,0.02604132
1298.00000000,0.02726078
1299.00000000,0.02905571
1300.00000000,0.03079610
1301.00000000,0.03319128
1302.00000000,0.03492640
1303.00000000,0.03745899
1304.00000000,0.03963574
1305.00000000,0.04177169
1306.00000000,0.04332708
1307.00000000,0.04535986
1308.00000000,0.04693642
1309.00000000,0.04836627
1310.00000000,0.04942990
1311.00000000,0.05010355
1312.00000000,0.05090541
1313.00000000,0.05120618
1314.00000000,0.05126502
1315.00000000,0.05023048
1316.00000000,0.04993762
1317.00000000,0.04900091
1318.00000000,0.04866046
1319.00000000,0.04748319
1320.00000000,0.04681744
1321.00000000,0.04509544
1322.00000000,0.04387974
1323.00000000,0.04117146
1324.00000000,0.03953790
1325.00000000,0.03725803
1326.00000000,0.03579106
1327.00000000,0.03349538
1328.00000000,0.03204157
1329.00000000,0.03014518
1330.00000000,0.02891875
1331.00000000,0.02735021
1332.00000000,0.02663146
1333.00000000,0.02624760
1334.00000000,0.02679542
1335.00000000,0.02822809
1336.00000000,0.02988650
1337.00000000,0.03275761
1338.00000000,0.03569588
1339.00000000,0.04069551
1340.00000000,0.04486602
1341.00000000,0.05122736
1342.00000000,0.05691839
1343.00000000,0.06502743
1344.00000000,0.07216225
1345.00000000,0.08177570
1346.00000000,0.09033860
1347.00000000,0.10038034
1348.00000000,0.11029982
1349.00000000,0.12175331
1350.00000000,0.13194006
1351.00000000,0.14285407
1352.00000000,0.15324459
1353.00000000,0.16338893
1354.00000000,0.17240982
1355.00000000,0.18097802
1356.00000000,0.19058617
1357.00000000,0.19838221
1358.00000000,0.20638007
1359.00000000,0.21175119
1360.00000000,0.21821827
1361.00000000,0.21937974
1362.00000000,0.22144681
1363.00000000,0.21860506
1364.00000000,0.21852506
1365.00000000,0.21184119
1366.00000000,0.20982820
1367.00000000,0.20099995
1368.00000000,0.19531935
1369.00000000,0.18316747
1370.00000000,0.17544011
1371.00000000,0.16340215
1372.00000000,0.15688038
1373.00000000,0.14707687
1374.00000000,0.14230810
1375.00000000,0.13352271
1376.00000000,0.12927737
1377.00000000,0.12402474
1378.00000000,0.12265891
1379.00000000,0.11957988
1380.00000000,0.12001208
1381.00000000,0.12043126
1382.00000000,0.12215384
1383.00000000,0.12428125
1384.00000000,0.12917957
1385.00000000,0.13543445
1386.00000000,0.14345831
1387.00000000,0.15284386
1388.00000000,0.16417580
1389.00000000,0.17839741
1390.00000000,0.19253502
1391.00000000,0.21064865
1392.00000000,0.22935835
1393.00000000,0.25142209
1394.00000000,0.27450037
1395.00000000,0.29819262
1396.00000000,0.31752447
1397.00000000,0.33589364
1398.00000000,0.35487409
1399.00000000,0.37520762
1400.00000000,0.39465633
1401.00000000,0.40771000
1402.00000000,0.42537415
1403.00000000,0.44174885
1404.00000000,0.45630368
1405.00000000,0.46700619
1406.00000000,0.47924225
1407.00000000,0.48855912
1408.00000000,0.49834930
1409.00000000,0.49998462
1410.00000000,0.50632168
1411.00000000,0.50730120
1412.00000000,0.50889202
1413.00000000,0.50488714
1414.00000000,0.50585628
1415.00000000,0.49800682
1416.00000000,0.49103294
1417.00000000,0.47247716
1418.00000000,0.46183017
1419.00000000,0.43953842
1420.00000000,0.42357626
1421.00000000,0.39829418
1422.00000000,0.38355328
1423.00000000,0.36076768
1424.00000000,0.34878453
1425.00000000,0.32880198
1426.00000000,0.31747432
1427.00000000,0.30259005
1428.00000000,0.29707682
1429.00000000,0.28813696
1430.00000000,0.28950652
1431.00000000,0.29258178
1432.00000000,0.29970253
1433.00000000,0.30889652
1434.00000000,0.32256182
1435.00000000,0.33980974
1436.00000000,0.35894355
1437.00000000,0.37878262
1438.00000000,0.40161073
1439.00000000,0.42939255
1440.00000000,0.45887911
1441.00000000,0.49398498
1442.00000000,0.52601586
1443.00000000,0.56333173
1444.00000000,0.59641813
1445.00000000,0.63070059
1446.00000000,0.65874500
1447.00000000,0.68165428
1448.00000000,0.70396115
1449.00000000,0.71870214
1450.00000000,0.73006486
1451.00000000,0.74143432
1452.00000000,0.74196114
1453.00000000,0.75143990
1454.00000000,0.74799528
1455.00000000,0.75594566
1456.00000000,0.74641678
1457.00000000,0.75269868
1458.00000000,0.73787594
1459.00000000,0.74150838
1460.00000000,0.72415242
1461.00000000,0.72579396
1462.00000000,0.71143115
1463.00000000,0.71065329
1464.00000000,0.69569007
1465.00000000,0.69003120
1466.00000000,0.67259812
1467.00000000,0.65944040
1468.00000000,0.64157087
1469.00000000,0.62125039
1470.00000000,0.60417637
1471.00000000,0.58094215
1472.00000000,0.56138493
1473.00000000,0.53324874
1474.00000000,0.51608158
1475.00000000,0.49447418
1476.00000000,0.48113023
1477.00000000,0.46860061
1478.00000000,0.46496080
1479.00000000,0.45865588
1480.00000000,0.46260483
1481.00000000,0.46792640
1482.00000000,0.47857589
1483.00000000,0.49207318
1484.00000000,0.50771246
1485.00000000,0.52551424
1486.00000000,0.54695523
1487.00000000,0.57452722
1488.00000000,0.60269285
1489.00000000,0.63379957
1490.00000000,0.65856509
1491.00000000,0.68072877
1492.00000000,0.70497123
1493.00000000,0.72222161
1494.00000000,0.74218334
1495.00000000,0.75714885
1496.00000000,0.76579361
1497.00000000,0.77663662
1498.00000000,0.77873443
1499.00000000,0.78583845
1500.00000000,0.78825628
1501.00000000,0.79056364
1502.00000000,0.79144518
1503.00000000,0.79139126
1504.00000000,0.79023413
1505.00000000,0.79002950
1506.00000000,0.78651107
1507.00000000,0.78712088
1508.00000000,0.77833249
1509.00000000,0.78008465
1510.00000000,0.76390298
1511.00000000,0.76650140
1512.00000000,0.74290262
1513.00000000,0.74274329
1514.00000000,0.71677239
1515.00000000,0.71095468
1516.00000000,0.68725769
1517.00000000,0.67071537
1518.00000000,0.64177984
1519.00000000,0.61516336
1520.00000000,0.59548218
1521.00000000,0.57185672
1522.00000000,0.55432219
1523.00000000,0.53380925
1524.00000000,0.52508507
1525.00000000,0.51004588
1526.00000000,0.50425660
1527.00000000,0.49684333
1528.00000000,0.49641649
1529.00000000,0.49898254
1530.00000000,0.50282596
1531.00000000,0.51324524
1532.00000000,0.52869971
1533.00000000,0.54100935
1534.00000000,0.55672827
1535.00000000,0.57605809
1536.00000000,0.59732762
1537.00000000,0.62036430
1538.00000000,0.63539918
1539.00000000,0.65464905
1540.00000000,0.67677843
1541.00000000,0.69229445
1542.00000000,0.70304352
1543.00000000,0.71560309
1544.00000000,0.72943551
1545.00000000,0.74216147
1546.00000000,0.74980131
1547.00000000,0.76090359
1548.00000000,0.76323931
1549.00000000,0.77243766
1550.00000000,0.76650491
1551.00000000,0.77493111
1552.00000000,0.77027819
1553.00000000,0.77620824
1554.00000000,0.76403519
1555.00000000,0.76859558
1556.00000000,0.75191936
1557.00000000,0.75455487
1558.00000000,0.73351832
1559.00000000,0.72913095
1560.00000000,0.69106007
1561.00000000,0.67178625
1562.00000000,0.64216851
1563.00000000,0.61477996
1564.00000000,0.58840357
1565.00000000,0.55339498
1566.00000000,0.52708950
1567.00000000,0.49169783
1568.00000000,0.46788271
1569.00000000,0.44035012
1570.00000000,0.42906037
1571.00000000,0.40761761
1572.00000000,0.39157853
1573.00000000,0.37707185
1574.00000000,0.36854212
1575.00000000,0.35715309
1576.00000000,0.35836713
1577.00000000,0.36543462
1578.00000000,0.36239689
1579.00000000,0.35284297
1580.00000000,0.37407103
1581.00000000,0.38805832
1582.00000000,0.39087775
1583.00000000,0.39340230
1584.00000000,0.40402478
1585.00000000,0.41313062
1586.00000000,0.42307104
1587.00000000,0.43610077
1588.00000000,0.46134077
1589.00000000,0.48636947
1590.00000000,0.50218596
1591.00000000,0.50830320
1592.00000000,0.51624803
1593.00000000,0.52923736
1594.00000000,0.53410445
1595.00000000,0.54012884
1596.00000000,0.55512600
1597.00000000,0.56037814
1598.00000000,0.57008431
1599.00000000,0.56813885
1600.00000000,0.56584308
1601.00000000,0.56629860
1602.00000000,0.56743757
1603.00000000,0.55041744
1604.00000000,0.53331917
1605.00000000,0.51014110
1606.00000000,0.49471094
1607.00000000,0.47412437
1608.00000000,0.45618204
1609.00000000,0.42543423
1610.00000000,0.40301485
1611.00000000,0.36855758
1612.00000000,0.34665857
1613.00000000,0.31926440
1614.00000000,0.30121775
1615.00000000,0.27763417
1616.00000000,0.26290819
1617.00000000,0.24144827
1618.00000000,0.22621182
1619.00000000,0.20763690
1620.00000000,0.19635325
1621.00000000,0.18315430
1622.00000000,0.17670936
1623.00000000,0.16796073
1624.00000000,0.16275312
1625.00000000,0.15742614
1626.00000000,0.15576709
1627.00000000,0.15471323
1628.00000000,0.15750434
1629.00000000,0.15912377
1630.00000000,0.16233006
1631.00000000,0.16586114
1632.00000000,0.17166146
1633.00000000,0.17707255
1634.00000000,0.18356308
1635.00000000,0.18942889
1636.00000000,0.19736071
1637.00000000,0.20377372
1638.00000000,0.21099156
1639.00000000,0.21718509
1640.00000000,0.22320791
1641.00000000,0.22703205
1642.00000000,0.23260544
1643.00000000,0.23365580
1644.00000000,0.23843861
1645.00000000,0.23983792
1646.00000000,0.24250012
1647.00000000,0.24112037
1648.00000000,0.24118864
1649.00000000,0.23875910
1650.00000000,0.23766119
1651.00000000,0.22881171
1652.00000000,0.22405944
1653.00000000,0.21607458
1654.00000000,0.20923592
1655.00000000,0.19460904
1656.00000000,0.18369540
1657.00000000,0.16935156
1658.00000000,0.15956161
1659.00000000,0.14687857
1660.00000000,0.13860888
1661.00000000,0.12444257
1662.00000000,0.11378227
1663.00000000,0.10280242
1664.00000000,0.09446363
1665.00000000,0.08342309
1666.00000000,0.07586682
1667.00000000,0.06643677
1668.00000000,0.06103278
1669.00000000,0.05374197
1670.00000000,0.04880324
1671.00000000,0.04350627
1672.00000000,0.04042636
1673.00000000,0.03692750
1674.00000000,0.03461967
1675.00000000,0.03250906
1676.00000000,0.03167132
1677.00000000,0.03155709
1678.00000000,0.03165546
1679.00000000,0.03264654
1680.00000000,0.03385544
1681.00000000,0.03578517
1682.00000000,0.03788262
1683.00000000,0.04075633
1684.00000000,0.04301504
1685.00000000,0.04578027
1686.00000000,0.04809990
1687.00000000,0.05052135
1688.00000000,0.05254746
1689.00000000,0.05476530
1690.00000000,0.05646355
1691.00000000,0.05814188
1692.00000000,0.05995124
1693.00000000,0.06144450
1694.00000000,0.06231253
1695.00000000,0.06284061
1696.00000000,0.06298155
1697.00000000,0.06223780
1698.00000000,0.06204022
1699.00000000,0.06105848
1700.00000000,0.06009141
1701.00000000,0.05798856
1702.00000000,0.05640539
1703.00000000,0.05391913
1704.00000000,0.05187848
1705.00000000,0.04876823
1706.00000000,0.04660589
1707.00000000,0.04353274
1708.00000000,0.04123025
1709.00000000,0.03860925
1710.00000000,0.03637014
1711.00000000,0.03377563
1712.00000000,0.03188552
1713.00000000,0.02980405
1714.00000000,0.02800648
1715.00000000,0.02644062
1716.00000000,0.02554735
1717.00000000,0.02437816
1718.00000000,0.02334209
1719.00000000,0.02282865
1720.00000000,0.02257787
1721.00000000,0.02259068
1722.00000000,0.02268631
1723.00000000,0.02290531
1724.00000000,0.02305382
1725.00000000,0.02382287
1726.00000000,0.02430457
1727.00000000,0.02466901
1728.00000000,0.02475144
1729.00000000,0.02504449
1730.00000000,0.02522211
1731.00000000,0.02554425
1732.00000000,0.02552620
1733.00000000,0.02538029
1734.00000000,0.02516656
1735.00000000,0.02488583
1736.00000000,0.02465625
1737.00000000,0.02416663
1738.00000000,0.02307766
1739.00000000,0.02172073
1740.00000000,0.02081418
1741.00000000,0.02015005
1742.00000000,0.01970627
1743.00000000,0.01913735
1744.00000000,0.01859832
1745.00000000,0.01853711
1746.00000000,0.01838681
1747.00000000,0.01840491
1748.00000000,0.01829425
1749.00000000,0.01864816
1750.00000000,0.01925146
1751.00000000,0.02019767
1752.00000000,0.02098078
1753.00000000,0.02235798
1754.00000000,0.02381801
1755.00000000,0.02619999
1756.00000000,0.02786895
1757.00000000,0.03046507
1758.00000000,0.03290619
1759.00000000,0.03583281
1760.00000000,0.03873404
1761.00000000,0.04266803
1762.00000000,0.04417584
1763.00000000,0.04954561
1764.00000000,0.05461522
1765.00000000,0.05367582
1766.00000000,0.05151882
1767.00000000,0.05279004
1768.00000000,0.05622290
1769.00000000,0.05893509
1770.00000000,0.05951755
1771.00000000,0.06037357
1772.00000000,0.06489328
1773.00000000,0.07255541
1774.00000000,0.07412951
1775.00000000,0.06881381
1776.00000000,0.06839948
1777.00000000,0.06967591
1778.00000000,0.06859258
1779.00000000,0.06546363
1780.00000000,0.06284926
1781.00000000,0.05930797
1782.00000000,0.05678348
1783.00000000,0.05265520
1784.00000000,0.04952512
1785.00000000,0.04471469
1786.00000000,0.04183309
1787.00000000,0.03817555
1788.00000000,0.03554248
1789.00000000,0.03141437
1790.00000000,0.02891080
1791.00000000,0.02624231
1792.00000000,0.02413534
1793.00000000,0.02206979
1794.00000000,0.02099137
1795.00000000,0.01996763
1796.00000000,0.01938369
1797.00000000,0.01934625
1798.00000000,0.02000241
1799.00000000,0.02130559
1800.00000000,0.02269161
1801.00000000,0.02546757
1802.00000000,0.02792713
1803.00000000,0.03153333
1804.00000000,0.03477567
1805.00000000,0.03913013
1806.00000000,0.04266335
1807.00000000,0.04707858
1808.00000000,0.05077054
1809.00000000,0.05552943
1810.00000000,0.05897820
1811.00000000,0.06318439
1812.00000000,0.06696107
1813.00000000,0.07069657
1814.00000000,0.07404229
1815.00000000,0.07754500
1816.00000000,0.08042805
1817.00000000,0.08315862
1818.00000000,0.08561071
1819.00000000,0.08716725
1820.00000000,0.08839510
1821.00000000,0.08863474
1822.00000000,0.08887370
1823.00000000,0.08707731
1824.00000000,0.08520618
1825.00000000,0.08124430
1826.00000000,0.07888651
1827.00000000,0.07410488
1828.00000000,0.07043023
1829.00000000,0.06498503
1830.00000000,0.06152455
1831.00000000,0.05593667
1832.00000000,0.05237560
1833.00000000,0.04771585
1834.00000000,0.04442177
1835.00000000,0.03963780
1836.00000000,0.03645738
1837.00000000,0.03210714
1838.00000000,0.02892930
1839.00000000,0.02524546
1840.00000000,0.02284500
1841.00000000,0.02050178
1842.00000000,0.01888393
1843.00000000,0.01729436
1844.00000000,0.01629787
1845.00000000,0.01599339
1846.00000000,0.01606518
1847.00000000,0.01692415
1848.00000000,0.01786324
1849.00000000,0.01954719
1850.00000000,0.02123462
1851.00000000,0.02368007
1852.00000000,0.02574564
1853.00000000,0.02845546
1854.00000000,0.03060571
1855.00000000,0.03367777
1856.00000000,0.03584392
1857.00000000,0.03886570
1858.00000000,0.04120377
1859.00000000,0.04424401
1860.00000000,0.04639702
1861.00000000,0.04919130
1862.00000000,0.05142365
1863.00000000,0.05360180
1864.00000000,0.05537939
1865.00000000,0.05647602
1866.00000000,0.05679402
1867.00000000,0.05652099
1868.00000000,0.05592673
1869.00000000,0.05404073
1870.00000000,0.05301017
1871.00000000,0.05117178
1872.00000000,0.04907295
1873.00000000,0.04620601
1874.00000000,0.04557995
1875.00000000,0.04269450
1876.00000000,0.03959608
1877.00000000,0.03609197
1878.00000000,0.03415163
1879.00000000,0.03151746
1880.00000000,0.02907737
1881.00000000,0.02592499
1882.00000000,0.02422255
1883.00000000,0.02296614
1884.00000000,0.02146202
1885.00000000,0.01820658
1886.00000000,0.01557865
1887.00000000,0.01397325
1888.00000000,0.01208830
1889.00000000,0.01062041
1890.00000000,0.00968469
1891.00000000,0.00878533
1892.00000000,0.00812725
1893.00000000,0.00792861
1894.00000000,0.00751642
1895.00000000,0.00750023
1896.00000000,0.00763539
1897.00000000,0.00792857
1898.00000000,0.00826471
1899.00000000,0.00881967
1900.00000000,0.00938587
1901.00000000,0.01015766
1902.00000000,0.01086137
1903.00000000,0.01190016
1904.00000000,0.01268585
1905.00000000,0.01361890
1906.00000000,0.01434906
1907.00000000,0.01491192
1908.00000000,0.01510005
1909.00000000,0.01563114
1910.00000000,0.01594087
1911.00000000,0.01633185
1912.00000000,0.01617624
1913.00000000,0.01609387
1914.00000000,0.01611540
1915.00000000,0.01618642
1916.00000000,0.01604137
1917.00000000,0.01593788
1918.00000000,0.01557337
1919.00000000,0.01521337
1920.00000000,0.01474839
1921.00000000,0.01462636
1922.00000000,0.01425653
1923.00000000,0.01400495
1924.00000000,0.01344475
1925.00000000,0.01293142
1926.00000000,0.01235535
1927.00000000,0.01172832
1928.00000000,0.01098300
1929.00000000,0.01045909
1930.00000000,0.00980104
1931.00000000,0.00938026
1932.00000000,0.00876184
1933.00000000,0.00846799
1934.00000000,0.00814044
1935.00000000,0.00800526
1936.00000000,0.00767771
1937.00000000,0.00748965
1938.00000000,0.00718059
1939.00000000,0.00705600
1940.00000000,0.00692146
1941.00000000,0.00701634
1942.00000000,0.00700875
1943.00000000,0.00721995
1944.00000000,0.00738156
1945.00000000,0.00767476
1946.00000000,0.00785223
1947.00000000,0.00803172
1948.00000000,0.00794480
1949.00000000,0.00801058
1950.00000000,0.00809288
1951.00000000,0.00821683
1952.00000000,0.00819069
1953.00000000,0.00829085
1954.00000000,0.00827266
1955.00000000,0.00829084
1956.00000000,0.00830703
1957.00000000,0.00841248
1958.00000000,0.00846570
1959.00000000,0.00852619
1960.00000000,0.00853711
1961.00000000,0.00853676
1962.00000000,0.00841279
1963.00000000,0.00848122
1964.00000000,0.00844453
1965.00000000,0.00858171
1966.00000000,0.00854502
1967.00000000,0.00850237
1968.00000000,0.00839164
1969.00000000,0.00844949
1970.00000000,0.00833612
1971.00000000,0.00837811
1972.00000000,0.00828059
1973.00000000,0.00838867
1974.00000000,0.00839165
1975.00000000,0.00849974
1976.00000000,0.00849744
1977.00000000,0.00864254
1978.00000000,0.00872748
1979.00000000,0.00904181
1980.00000000,0.00930656
1981.00000000,0.00983769
1982.00000000,0.01020823
1983.00000000,0.01083985
1984.00000000,0.01132937
1985.00000000,0.01216196
1986.00000000,0.01275460
1987.00000000,0.01369821
1988.00000000,0.01453417
1989.00000000,0.01538788
1990.00000000,0.01589860
1991.00000000,0.01672322
1992.00000000,0.01726832
1993.00000000,0.01796860
1994.00000000,0.01843173
1995.00000000,0.01920609
1996.00000000,0.01970362
1997.00000000,0.02040656
1998.00000000,0.02083003
1999.00000000,0.02110198
2000.00000000,0.02145147
2001.00000000,0.02195079
2002.00000000,0.02227118
2003.00000000,0.02274406
2004.00000000,0.02282381
2005.00000000,0.02305078
2006.00000000,0.02313581
2007.00000000,0.02294494
2008.00000000,0.02257257
2009.00000000,0.02208564
2010.00000000,0.02149377
2011.00000000,0.02062605
2012.00000000,0.01967191
2013.00000000,0.01858206
2014.00000000,0.01760675
2015.00000000,0.01651167
2016.00000000,0.01559981
2017.00000000,0.01457611
2018.00000000,0.01340775
2019.00000000,0.01244756
2020.00000000,0.01158588
2021.00000000,0.01086364
2022.00000000,0.01021617
2023.00000000,0.00996992
2024.00000000,0.00957892
2025.00000000,0.00939877
2026.00000000,0.00918228
2027.00000000,0.00932207
2028.00000000,0.00936471
2029.00000000,0.00975044
2030.00000000,0.01030872
2031.00000000,0.01113865
2032.00000000,0.01173131
2033.00000000,0.01269345
2034.00000000,0.01353467
2035.00000000,0.01463163
2036.00000000,0.01565267
2037.00000000,0.01699025
2038.00000000,0.01803514
2039.00000000,0.01941765
2040.00000000,0.02049160
2041.00000000,0.02203011
2042.00000000,0.02316490
2043.00000000,0.02450771
2044.00000000,0.02555263
2045.00000000,0.02690864
2046.00000000,0.02791655
2047.00000000,0.02906894
2048.00000000,0.02944756
2049.00000000,0.02946296
2050.00000000,0.02938413
2051.00000000,0.02894204
2052.00000000,0.02855646
2053.00000000,0.02797162
2054.00000000,0.02732426
2055.00000000,0.02618680
2056.00000000,0.02529351
2057.00000000,0.02407144
2058.00000000,0.02282116
2059.00000000,0.02136907
2060.00000000,0.02020868
2061.00000000,0.01865082
2062.00000000,0.01717048
2063.00000000,0.01558356
2064.00000000,0.01407143
2065.00000000,0.01283622
2066.00000000,0.01153563
2067.00000000,0.01042736
2068.00000000,0.00900247
2069.00000000,0.00799203
2070.00000000,0.00689766
2071.00000000,0.00614905
2072.00000000,0.00544336
2073.00000000,0.00514691
2074.00000000,0.00485105
2075.00000000,0.00491685
2076.00000000,0.00499914
2077.00000000,0.00530820
2078.00000000,0.00560993
2079.00000000,0.00620722
2080.00000000,0.00664117
2081.00000000,0.00736537
2082.00000000,0.00805848
2083.00000000,0.00883291
2084.00000000,0.00972170
2085.00000000,0.01089275
2086.00000000,0.01182121
2087.00000000,0.01281772
2088.00000000,0.01372769
2089.00000000,0.01477707
2090.00000000,0.01528514
2091.00000000,0.01578716
2092.00000000,0.01604669
2093.00000000,0.01642970
2094.00000000,0.01654909
2095.00000000,0.01670204
2096.00000000,0.01676060
2097.00000000,0.01671792
2098.00000000,0.01643275
2099.00000000,0.01601722
2100.00000000,0.01549933
2101.00000000,0.01491721
2102.00000000,0.01429090
2103.00000000,0.01388861
2104.00000000,0.01329668
2105.00000000,0.01255066
2106.00000000,0.01196136
2107.00000000,0.01141896
2108.00000000,0.01037747
2109.00000000,0.00939612
2110.00000000,0.00821184
2111.00000000,0.00742618
2112.00000000,0.00647459
2113.00000000,0.00582646
2114.00000000,0.00494095
2115.00000000,0.00445942
2116.00000000,0.00397848
2117.00000000,0.00361856
2118.00000000,0.00304769
2119.00000000,0.00280151
2120.00000000,0.00256116
2121.00000000,0.00251062
2122.00000000,0.00237607
2123.00000000,0.00233086
2124.00000000,0.00225181
2125.00000000,0.00239428
2126.00000000,0.00239456
2127.00000000,0.00250006
2128.00000000,0.00273303
2129.00000000,0.00302361
2130.00000000,0.00322221
2131.00000000,0.00334620
2132.00000000,0.00347606
2133.00000000,0.00371374
2134.00000000,0.00394145
2135.00000000,0.00417120
2136.00000000,0.00431692
2137.00000000,0.00442239
2138.00000000,0.00457605
2139.00000000,0.00470797
2140.00000000,0.00470564
2141.00000000,0.00472384
2142.00000000,0.00466067
2143.00000000,0.00463657
2144.00000000,0.00455225
2145.00000000,0.00452551
2146.00000000,0.00445442
2147.00000000,0.00445148
2148.00000000,0.00433542
2149.00000000,0.00434044
2150.00000000,0.00418207
2151.00000000,0.00402576
2152.00000000,0.00375635
2153.00000000,0.00371903
2154.00000000,0.00352630
2155.00000000,0.00346783
2156.00000000,0.00339145
2157.00000000,0.00343347
2158.00000000,0.00337821
2159.00000000,0.00341758
2160.00000000,0.00343374
2161.00000000,0.00351544
2162.00000000,0.00346813
2163.00000000,0.00365820
2164.00000000,0.00378279
2165.00000000,0.00387506
2166.00000000,0.00407365
2167.00000000,0.00431133
2168.00000000,0.00446500
2169.00000000,0.00472911
2170.00000000,0.00485369
2171.00000000,0.00496445
2172.00000000,0.00534023
2173.00000000,0.00564401
2174.00000000,0.00562844
2175.00000000,0.00582644
2176.00000000,0.00597220
2177.00000000,0.00605650
2178.00000000,0.00609384
2179.00000000,0.00617285
2180.00000000,0.00602244
2181.00000000,0.00606444
2182.00000000,0.00608327
2183.00000000,0.00619401
2184.00000000,0.00615465
2185.00000000,0.00610410
2186.00000000,0.00597487
2187.00000000,0.00597985
2188.00000000,0.00580563
2189.00000000,0.00570484
2190.00000000,0.00541957
2191.00000000,0.00535580
2192.00000000,0.00506522
2193.00000000,0.00497237
2194.00000000,0.00462363
2195.00000000,0.00439858
2196.00000000,0.00415298
2197.00000000,0.00419500
2198.00000000,0.00401285
2199.00000000,0.00383539
2200.00000000,0.00360297
2201.00000000,0.00366878
2202.00000000,0.00357654
2203.00000000,0.00358419
2204.00000000,0.00362148
2205.00000000,0.00377719
2206.00000000,0.00387798
2207.00000000,0.00417384
2208.00000000,0.00451260
2209.00000000,0.00491158
2210.00000000,0.00518424
2211.00000000,0.00545893
2212.00000000,0.00589286
2213.00000000,0.00651658
2214.00000000,0.00711977
2215.00000000,0.00776728
2216.00000000,0.00813517
2217.00000000,0.00908941
2218.00000000,0.01023996
2219.00000000,0.01026606
2220.00000000,0.00941232
2221.00000000,0.00913964
2222.00000000,0.00915582
2223.00000000,0.00968167
2224.00000000,0.00998610
2225.00000000,0.01038240
2226.00000000,0.01142986
2227.00000000,0.01351578
2228.00000000,0.01446543
2229.00000000,0.01388334
2230.00000000,0.01402121
2231.00000000,0.01438838
2232.00000000,0.01373826
2233.00000000,0.01372731
2234.00000000,0.01357695
2235.00000000,0.01311385
2236.00000000,0.01255363
2237.00000000,0.01215139
2238.00000000,0.01128445
2239.00000000,0.01066798
2240.00000000,0.01006280
2241.00000000,0.00948339
2242.00000000,0.00863230
2243.00000000,0.00817453
2244.00000000,0.00740539
2245.00000000,0.00680218
2246.00000000,0.00609117
2247.00000000,0.00559641
2248.00000000,0.00488015
2249.00000000,0.00444621
2250.00000000,0.00393882
2251.00000000,0.00377194
2252.00000000,0.00351838
2253.00000000,0.00343611
2254.00000000,0.00344698
2255.00000000,0.00359740
2256.00000000,0.00375368
2257.00000000,0.00402840
2258.00000000,0.00430635
2259.00000000,0.00481110
2260.00000000,0.00548567
2261.00000000,0.00600363
2262.00000000,0.00659095
2263.00000000,0.00730986
2264.00000000,0.00797917
2265.00000000,0.00870071
2266.00000000,0.00950223
2267.00000000,0.01059392
2268.00000000,0.01138488
2269.00000000,0.01219896
2270.00000000,0.01266999
2271.00000000,0.01317730
2272.00000000,0.01362985
2273.00000000,0.01412925
2274.00000000,0.01432000
2275.00000000,0.01462636
2276.00000000,0.01465847
2277.00000000,0.01465279
2278.00000000,0.01446808
2279.00000000,0.01432756
2280.00000000,0.01382551
2281.00000000,0.01335977
2282.00000000,0.01266471
2283.00000000,0.01216460
2284.00000000,0.01151449
2285.00000000,0.01097471
2286.00000000,0.01025584
2287.00000000,0.00960503
2288.00000000,0.00873277
2289.00000000,0.00797619
2290.00000000,0.00717268
2291.00000000,0.00662237
2292.00000000,0.00573158
2293.00000000,0.00513104
2294.00000000,0.00432484
2295.00000000,0.00380364
2296.00000000,0.00307415
2297.00000000,0.00268516
2298.00000000,0.00221741
2299.00000000,0.00205849
2300.00000000,0.00176527
2301.00000000,0.00170152
2302.00000000,0.00171502
2303.00000000,0.00178613
2304.00000000,0.00186572
2305.00000000,0.00206376
2306.00000000,0.00236018
2307.00000000,0.00269308
2308.00000000,0.00311117
2309.00000000,0.00350750
2310.00000000,0.00398111
2311.00000000,0.00446471
2312.00000000,0.00482460
2313.00000000,0.00516806
2314.00000000,0.00560728
2315.00000000,0.00601683
2316.00000000,0.00632388
2317.00000000,0.00671492
2318.00000000,0.00699552
2319.00000000,0.00712742
2320.00000000,0.00713302
2321.00000000,0.00729662
2322.00000000,0.00732339
2323.00000000,0.00740506
2324.00000000,0.00728640
2325.00000000,0.00734689
2326.00000000,0.00728639
2327.00000000,0.00721996
2328.00000000,0.00688181
2329.00000000,0.00661707
2330.00000000,0.00610441
2331.00000000,0.00593486
2332.00000000,0.00564165
2333.00000000,0.00534784
2334.00000000,0.00487749
2335.00000000,0.00453080
2336.00000000,0.00412126
2337.00000000,0.00389886
2338.00000000,0.00340997
2339.00000000,0.00322723
2340.00000000,0.00287583
2341.00000000,0.00275919
2342.00000000,0.00257703
2343.00000000,0.00244982
2344.00000000,0.00209577
2345.00000000,0.00206641
2346.00000000,0.00201382
2347.00000000,0.00198180
2348.00000000,0.00204290
2349.00000000,0.00209814
2350.00000000,0.00193182
2351.00000000,0.00187469
2352.00000000,0.00189559
2353.00000000,0.00199766
2354.00000000,0.00199000
2355.00000000,0.00204789
2356.00000000,0.00218568
2357.00000000,0.00232555
2358.00000000,0.00238664
2359.00000000,0.00235198
2360.00000000,0.00236284
2361.00000000,0.00242601
2362.00000000,0.00237341
2363.00000000,0.00248948
2364.00000000,0.00249768
2365.00000000,0.00249741
2366.00000000,0.00250036
2367.00000000,0.00248157
2368.00000000,0.00248448
2369.00000000,0.00250005
2370.00000000,0.00230204
2371.00000000,0.00225681
2372.00000000,0.00225441
2373.00000000,0.00226471
2374.00000000,0.00220155
2375.00000000,0.00238637
2376.00000000,0.00236285
2377.00000000,0.00229116
2378.00000000,0.00220947
2379.00000000,0.00231232
2380.00000000,0.00234433
2381.00000000,0.00234934
2382.00000000,0.00231789
2383.00000000,0.00246833
2384.00000000,0.00265372
2385.00000000,0.00275391
2386.00000000,0.00278858
2387.00000000,0.00289671
2388.00000000,0.00300540
2389.00000000,0.00308972
2390.00000000,0.00308207
2391.00000000,0.00323251
2392.00000000,0.00329097
2393.00000000,0.00334091
2394.00000000,0.00347342
2395.00000000,0.00366088
2396.00000000,0.00377751
2397.00000000,0.00395965
2398.00000000,0.00404189
2399.00000000,0.00411565
2400.00000000,0.00416884
2401.00000000,0.00436423
2402.00000000,0.00432747
2403.00000000,0.00432983
2404.00000000,0.00438566
2405.00000000,0.00446469
2406.00000000,0.00443856
2407.00000000,0.00442504
2408.00000000,0.00429577
2409.00000000,0.00436686
2410.00000000,0.00428519
2411.00000000,0.00429283
2412.00000000,0.00416886
2413.00000000,0.00407335
2414.00000000,0.00394143
2415.00000000,0.00400725
2416.00000000,0.00387006
2417.00000000,0.00386447
2418.00000000,0.00380660
2419.00000000,0.00384067
2420.00000000,0.00377749
2421.00000000,0.00380894
2422.00000000,0.00358713
2423.00000000,0.00345199
2424.00000000,0.00329361
2425.00000000,0.00334620
2426.00000000,0.00317726
2427.00000000,0.00312410
2428.00000000,0.00305564
2429.00000000,0.00307651
2430.00000000,0.00303448
2431.00000000,0.00316110
2432.00000000,0.00317460
2433.00000000,0.00324306
2434.00000000,0.00330682
2435.00000000,0.00348107
2436.00000000,0.00365323
2437.00000000,0.00374018
2438.00000000,0.00386476
2439.00000000,0.00402841
2440.00000000,0.00407101
2441.00000000,0.00428753
2442.00000000,0.00448616
2443.00000000,0.00475293
2444.00000000,0.00508376
2445.00000000,0.00526855
2446.00000000,0.00537198
2447.00000000,0.00550386
2448.00000000,0.00566282
2449.00000000,0.00603801
2450.00000000,0.00634771
2451.00000000,0.00681805
2452.00000000,0.00717001
2453.00000000,0.00746848
2454.00000000,0.00743445
2455.00000000,0.00761128
2456.00000000,0.00767242
2457.00000000,0.00778316
2458.00000000,0.00774383
2459.00000000,0.00799735
2460.00000000,0.00793156
2461.00000000,0.00776200
2462.00000000,0.00737892
2463.00000000,0.00715387
2464.00000000,0.00674962
2465.00000000,0.00661707
2466.00000000,0.00624455
2467.00000000,0.00611203
2468.00000000,0.00574479
2469.00000000,0.00550914
2470.00000000,0.00511546
2471.00000000,0.00476348
2472.00000000,0.00420850
2473.00000000,0.00396231
2474.00000000,0.00358713
2475.00000000,0.00334886
2476.00000000,0.00295781
2477.00000000,0.00279886
2478.00000000,0.00239720
2479.00000000,0.00224884
2480.00000000,0.00207726
2481.00000000,0.00206377
2482.00000000,0.00209313
2483.00000000,0.00209814
2484.00000000,0.00208413
2485.00000000,0.00230703
2486.00000000,0.00248712
2487.00000000,0.00254500
2488.00000000,0.00275154
2489.00000000,0.00302888
2490.00000000,0.00334913
2491.00000000,0.00368731
2492.00000000,0.00400754
2493.00000000,0.00442503
2494.00000000,0.00494359
2495.00000000,0.00532406
2496.00000000,0.00549360
2497.00000000,0.00567047
2498.00000000,0.00590346
2499.00000000,0.00622837
2500.00000000,0.00636881
2501.00000000,0.00659326
2502.00000000,0.00664383
2503.00000000,0.00681277
2504.00000000,0.00681837
2505.00000000,0.00686827
2506.00000000,0.00681306
2507.00000000,0.00684448
2508.00000000,0.00664912
2509.00000000,0.00656683
2510.00000000,0.00619695
2511.00000000,0.00592957
2512.00000000,0.00543540
2513.00000000,0.00529760
2514.00000000,0.00490128
2515.00000000,0.00460482
2516.00000000,0.00410537
2517.00000000,0.00385124
2518.00000000,0.00336764
2519.00000000,0.00300510
2520.00000000,0.00257439
2521.00000000,0.00246305
2522.00000000,0.00206934
2523.00000000,0.00179406
2524.00000000,0.00148866
2525.00000000,0.00145639
2526.00000000,0.00112164
2527.00000000,0.00097435
2528.00000000,0.00091778
2529.00000000,0.00090217
2530.00000000,0.00084824
2531.00000000,0.00090218
2532.00000000,0.00100054
2533.00000000,0.00114172
2534.00000000,0.00125648
2535.00000000,0.00137097
2536.00000000,0.00149711
2537.00000000,0.00156400
2538.00000000,0.00170495
2539.00000000,0.00195323
2540.00000000,0.00220947
2541.00000000,0.00237844
2542.00000000,0.00247127
2543.00000000,0.00254236
2544.00000000,0.00280708
2545.00000000,0.00298133
2546.00000000,0.00306356
2547.00000000,0.00316375
2548.00000000,0.00323280
2549.00000000,0.00337530
2550.00000000,0.00338087
2551.00000000,0.00329068
2552.00000000,0.00311381
2553.00000000,0.00320078
2554.00000000,0.00315612
2555.00000000,0.00304477
2556.00000000,0.00273569
2557.00000000,0.00268781
2558.00000000,0.00248977
2559.00000000,0.00239958
2560.00000000,0.00222006
2561.00000000,0.00217481
2562.00000000,0.00205082
2563.00000000,0.00199238
2564.00000000,0.00180227
2565.00000000,0.00171738
2566.00000000,0.00160131
2567.00000000,0.00159044
2568.00000000,0.00147861
2569.00000000,0.00138155
2570.00000000,0.00130356
2571.00000000,0.00129854
2572.00000000,0.00129670
2573.00000000,0.00134587
2574.00000000,0.00130965
2575.00000000,0.00132339
2576.00000000,0.00138978
2577.00000000,0.00142653
2578.00000000,0.00145192
2579.00000000,0.00153626
2580.00000000,0.00161981
2581.00000000,0.00170416
2582.00000000,0.00173882
2583.00000000,0.00176233
2584.00000000,0.00172296
2585.00000000,0.00174646
2586.00000000,0.00181813
2587.00000000,0.00188396
2588.00000000,0.00195036
2589.00000000,0.00198973
2590.00000000,0.00200851
2591.00000000,0.00202145
2592.00000000,0.00195827
2593.00000000,0.00197122
2594.00000000,0.00187367
2595.00000000,0.00182842
2596.00000000,0.00180492
2597.00000000,0.00185489
2598.00000000,0.00174144
2599.00000000,0.00168828
2600.00000000,0.00163832
2601.00000000,0.00161161
2602.00000000,0.00142016
2603.00000000,0.00146088
2604.00000000,0.00144423
2605.00000000,0.00145294
2606.00000000,0.00141408
2607.00000000,0.00134003
2608.00000000,0.00131044
2609.00000000,0.00136914
2610.00000000,0.00137601
2611.00000000,0.00144503
2612.00000000,0.00150691
2613.00000000,0.00160660
2614.00000000,0.00163834
2615.00000000,0.00169887
2616.00000000,0.00182078
2617.00000000,0.00189454
2618.00000000,0.00208519
2619.00000000,0.00217217
2620.00000000,0.00219625
2621.00000000,0.00231496
2622.00000000,0.00241837
2623.00000000,0.00255032
2624.00000000,0.00269868
2625.00000000,0.00284910
2626.00000000,0.00297100
2627.00000000,0.00306854
2628.00000000,0.00323013
2629.00000000,0.00333033
2630.00000000,0.00342317
2631.00000000,0.00353658
2632.00000000,0.00354744
2633.00000000,0.00360533
2634.00000000,0.00372990
2635.00000000,0.00386710
2636.00000000,0.00369551
2637.00000000,0.00367142
2638.00000000,0.00360033
2639.00000000,0.00366615
2640.00000000,0.00376956
2641.00000000,0.00385390
2642.00000000,0.00365851
2643.00000000,0.00366350
2644.00000000,0.00338616
2645.00000000,0.00334356
2646.00000000,0.00333592
2647.00000000,0.00330654
2648.00000000,0.00308470
2649.00000000,0.00294428
2650.00000000,0.00278328
2651.00000000,0.00274862
2652.00000000,0.00245539
2653.00000000,0.00231233
2654.00000000,0.00210636
2655.00000000,0.00208757
2656.00000000,0.00190803
2657.00000000,0.00182843
2658.00000000,0.00175994
2659.00000000,0.00180199
2660.00000000,0.00183402
2661.00000000,0.00184245
2662.00000000,0.00171898
2663.00000000,0.00183374
2664.00000000,0.00200060
2665.00000000,0.00205583
2666.00000000,0.00212221
2667.00000000,0.00226209
2668.00000000,0.00242630
2669.00000000,0.00254237
2670.00000000,0.00267222
2671.00000000,0.00284909
2672.00000000,0.00300275
2673.00000000,0.00321400
2674.00000000,0.00350778
2675.00000000,0.00376133
2676.00000000,0.00398637
2677.00000000,0.00416854
2678.00000000,0.00436186
2679.00000000,0.00468416
2680.00000000,0.00484312
2681.00000000,0.00498825
2682.00000000,0.00521332
2683.00000000,0.00544307
2684.00000000,0.00535082
2685.00000000,0.00533200
2686.00000000,0.00524238
2687.00000000,0.00532141
2688.00000000,0.00512075
2689.00000000,0.00506495
2690.00000000,0.00489866
2691.00000000,0.00486661
2692.00000000,0.00446761
2693.00000000,0.00429545
2694.00000000,0.00406306
2695.00000000,0.00400725
2696.00000000,0.00370082
2697.00000000,0.00358155
2698.00000000,0.00318520
2699.00000000,0.00297865
2700.00000000,0.00262991
2701.00000000,0.00241810
2702.00000000,0.00209315
2703.00000000,0.00203470
2704.00000000,0.00172561
2705.00000000,0.00155610
2706.00000000,0.00126814
2707.00000000,0.00121074
2708.00000000,0.00119225
2709.00000000,0.00113751
2710.00000000,0.00100980
2711.00000000,0.00104048
2712.00000000,0.00111874
2713.00000000,0.00116633
2714.00000000,0.00127316
2715.00000000,0.00146168
2716.00000000,0.00161717
2717.00000000,0.00167506
2718.00000000,0.00187365
2719.00000000,0.00204525
2720.00000000,0.00231259
2721.00000000,0.00252650
2722.00000000,0.00268014
2723.00000000,0.00290197
2724.00000000,0.00313760
2725.00000000,0.00324308
2726.00000000,0.00345754
2727.00000000,0.00370316
2728.00000000,0.00396258
2729.00000000,0.00402577
2730.00000000,0.00388855
2731.00000000,0.00403896
2732.00000000,0.00414504
2733.00000000,0.00411302
2734.00000000,0.00403662
2735.00000000,0.00413416
2736.00000000,0.00379336
2737.00000000,0.00374282
2738.00000000,0.00365057
2739.00000000,0.00337529
2740.00000000,0.00285997
2741.00000000,0.00273276
2742.00000000,0.00251620
2743.00000000,0.00237841
2744.00000000,0.00206139
2745.00000000,0.00198707
2746.00000000,0.00183584
2747.00000000,0.00169092
2748.00000000,0.00155027
2749.00000000,0.00153573
2750.00000000,0.00127185
2751.00000000,0.00116898
2752.00000000,0.00102118
2753.00000000,0.00095030
2754.00000000,0.00080699
2755.00000000,0.00083792
2756.00000000,0.00086700
2757.00000000,0.00088366
2758.00000000,0.00087997
2759.00000000,0.00095215
2760.00000000,0.00098733
2761.00000000,0.00096141
2762.00000000,0.00094714
2763.00000000,0.00098442
2764.00000000,0.00105317
2765.00000000,0.00106744
2766.00000000,0.00110446
2767.00000000,0.00125966
2768.00000000,0.00142255
2769.00000000,0.00165391
2770.00000000,0.00191067
2771.00000000,0.00177554
2772.00000000,0.00163304
2773.00000000,0.00177292
2774.00000000,0.00182608
2775.00000000,0.00180463
2776.00000000,0.00176788
2777.00000000,0.00185592
2778.00000000,0.00192917
2779.00000000,0.00189718
2780.00000000,0.00175995
2781.00000000,0.00175703
2782.00000000,0.00167348
2783.00000000,0.00168829
2784.00000000,0.00158279
2785.00000000,0.00154285
2786.00000000,0.00149712
2787.00000000,0.00148178
2788.00000000,0.00142282
2789.00000000,0.00136835
2790.00000000,0.00131892
2791.00000000,0.00133187
2792.00000000,0.00125943
2793.00000000,0.00130040
2794.00000000,0.00136861
2795.00000000,0.00141909
2796.00000000,0.00143127
2797.00000000,0.00135855
2798.00000000,0.00141093
2799.00000000,0.00150849
2800.00000000,0.00145721
2801.00000000,0.00148099
2802.00000000,0.00145323
2803.00000000,0.00152990
2804.00000000,0.00168326
2805.00000000,0.00177554
2806.00000000,0.00186573
2807.00000000,0.00203732
2808.00000000,0.00208519
2809.00000000,0.00202674
2810.00000000,0.00193712
2811.00000000,0.00193948
2812.00000000,0.00187631
2813.00000000,0.00195535
2814.00000000,0.00190275
2815.00000000,0.00186810
2816.00000000,0.00173880
2817.00000000,0.00177026
2818.00000000,0.00174409
2819.00000000,0.00169887
2820.00000000,0.00163409
2821.00000000,0.00161715
2822.00000000,0.00158148
2823.00000000,0.00158780
2824.00000000,0.00158280
2825.00000000,0.00155345
2826.00000000,0.00143604
2827.00000000,0.00140879
2828.00000000,0.00131837
2829.00000000,0.00127050
2830.00000000,0.00122317
2831.00000000,0.00121259
2832.00000000,0.00121394
2833.00000000,0.00123430
2834.00000000,0.00121261
2835.00000000,0.00132814
2836.00000000,0.00141619
2837.00000000,0.00145743
2838.00000000,0.00143074
2839.00000000,0.00151958
2840.00000000,0.00167534
2841.00000000,0.00173589
2842.00000000,0.00177054
2843.00000000,0.00186809
2844.00000000,0.00195297
2845.00000000,0.00200030
2846.00000000,0.00205082
2847.00000000,0.00209814
2848.00000000,0.00219627
2849.00000000,0.00235993
2850.00000000,0.00242101
2851.00000000,0.00244453
2852.00000000,0.00254265
2853.00000000,0.00269309
2854.00000000,0.00270924
2855.00000000,0.00274331
2856.00000000,0.00276211
2857.00000000,0.00285173
2858.00000000,0.00284673
2859.00000000,0.00294956
2860.00000000,0.00294720
2861.00000000,0.00297866
2862.00000000,0.00283086
2863.00000000,0.00275388
2864.00000000,0.00275683
2865.00000000,0.00288346
2866.00000000,0.00277005
2867.00000000,0.00272218
2868.00000000,0.00270394
2869.00000000,0.00282794
2870.00000000,0.00267222
2871.00000000,0.00260053
2872.00000000,0.00250298
2873.00000000,0.00251856
2874.00000000,0.00236283
2875.00000000,0.00236256
2876.00000000,0.00228087
2877.00000000,0.00225414
2878.00000000,0.00204818
2879.00000000,0.00200560
2880.00000000,0.00196886
2881.00000000,0.00190776
2882.00000000,0.00175203
2883.00000000,0.00170310
2884.00000000,0.00158782
2885.00000000,0.00157458
2886.00000000,0.00156692
2887.00000000,0.00166712
2888.00000000,0.00165948
2889.00000000,0.00159944
2890.00000000,0.00156245
2891.00000000,0.00156932
2892.00000000,0.00162510
2893.00000000,0.00160895
2894.00000000,0.00168327
2895.00000000,0.00178349
2896.00000000,0.00180520
2897.00000000,0.00182051
2898.00000000,0.00190539
2899.00000000,0.00205585
2900.00000000,0.00216188
2901.00000000,0.00235197
2902.00000000,0.00247125
2903.00000000,0.00244982
2904.00000000,0.00249769
2905.00000000,0.00270895
2906.00000000,0.00279649
2907.00000000,0.00292841
2908.00000000,0.00287580
2909.00000000,0.00295485
2910.00000000,0.00325923
2911.00000000,0.00341495
2912.00000000,0.00316934
2913.00000000,0.00310823
2914.00000000,0.00316139
2915.00000000,0.00322193
2916.00000000,0.00323808
2917.00000000,0.00329332
2918.00000000,0.00304243
2919.00000000,0.00299189
2920.00000000,0.00276741
2921.00000000,0.00268252
2922.00000000,0.00252415
2923.00000000,0.00245247
2924.00000000,0.00213280
2925.00000000,0.00210607
2926.00000000,0.00199266
2927.00000000,0.00194214
2928.00000000,0.00172162
2929.00000000,0.00155873
2930.00000000,0.00129035
2931.00000000,0.00123401
2932.00000000,0.00098625
2933.00000000,0.00092835
2934.00000000,0.00093339
2935.00000000,0.00088551
2936.00000000,0.00085908
2937.00000000,0.00078238
2938.00000000,0.00069990
2939.00000000,0.00072316
2940.00000000,0.00082416
2941.00000000,0.00089715
2942.00000000,0.00090193
2943.00000000,0.00099975
2944.00000000,0.00103096
2945.00000000,0.00111424
2946.00000000,0.00123930
2947.00000000,0.00134454
2948.00000000,0.00148258
2949.00000000,0.00161293
2950.00000000,0.00180835
2951.00000000,0.00192362
2952.00000000,0.00195300
2953.00000000,0.00209551
2954.00000000,0.00219098
2955.00000000,0.00223036
2956.00000000,0.00225443
2957.00000000,0.00230438
2958.00000000,0.00231525
2959.00000000,0.00235461
2960.00000000,0.00233638
2961.00000000,0.00235198
2962.00000000,0.00224649
2963.00000000,0.00222241
2964.00000000,0.00209577
2965.00000000,0.00214309
2966.00000000,0.00201380
2967.00000000,0.00191833
2968.00000000,0.00179698
2969.00000000,0.00172001
2970.00000000,0.00154392
2971.00000000,0.00150477
2972.00000000,0.00133795
2973.00000000,0.00134983
2974.00000000,0.00118879
2975.00000000,0.00108620
2976.00000000,0.00104761
2977.00000000,0.00098652
2978.00000000,0.00080777
2979.00000000,0.00085087
2980.00000000,0.00083872
2981.00000000,0.00084004
2982.00000000,0.00074934
2983.00000000,0.00076151
2984.00000000,0.00073534
2985.00000000,0.00077339
2986.00000000,0.00084188
2987.00000000,0.00080804
2988.00000000,0.00087865
2989.00000000,0.00094157
2990.00000000,0.00101138
2991.00000000,0.00105183
2992.00000000,0.00113700
2993.00000000,0.00119673
2994.00000000,0.00122318
2995.00000000,0.00126655
2996.00000000,0.00129749
2997.00000000,0.00140801
2998.00000000,0.00135539
2999.00000000,0.00134719
3000.00000000,0.00138979
