Frequency,Channel A
(MHz),(dBu)

0.00000000,-31.08067000
0.00038147,-34.45898000
0.00076294,-43.52818000
0.00114441,-64.09433000
0.00152588,-56.02264000
0.00190735,-54.09623000
0.00228882,-55.79151000
0.00267029,-63.96437000
0.00305176,-61.76403000
0.00343323,-53.22274000
0.00381470,-52.00321000
0.00419617,-50.73294000
0.00457764,-50.40688000
0.00495911,-52.40496000
0.00534058,-50.39127000
0.00572205,-51.61773000
0.00610352,-41.26431000
0.00648499,-18.56326000
0.00686646,-6.39552400
0.00724792,-0.79262730
0.00762939,-0.50207170
0.00801086,-4.92042200
0.00839233,-8.11779200
0.00877380,-3.68902200
0.00915527,-1.26420000
0.00953674,-3.59176300
0.00991821,-11.19971000
0.01029968,-25.30369000
0.01068115,-44.72839000
0.01106262,-51.37213000
0.01144409,-47.63088000
0.01182556,-58.32155000
0.01220703,-49.47713000
0.01258850,-56.89476000
0.01296997,-55.41046000
0.01335144,-68.74770000
0.01373291,-62.45453000
0.01411438,-60.20028000
0.01449585,-60.64394000
0.01487732,-63.39814000
0.01525879,-53.25027000
0.01564026,-52.23055000
0.01602173,-55.73745000
0.01640320,-54.62763000
0.01678467,-51.12080000
0.01716614,-53.52024000
0.01754761,-53.63678000
0.01792908,-51.37388000
0.01831055,-51.53972000
0.01869202,-53.35163000
0.01907349,-53.43331000
0.01945496,-53.28516000
0.01983643,-54.95005000
0.02021790,-58.18786000
0.02059937,-69.35793000
0.02098083,-68.91647000
0.02136230,-70.24207000
0.02174377,-66.87421000
0.02212524,-65.03519000
0.02250671,-62.72169000
0.02288818,-58.48455000
0.02326965,-53.62091000
0.02365112,-50.75006000
0.02403259,-52.30299000
0.02441406,-53.56901000
0.02479553,-49.79550000
0.02517700,-49.55080000
0.02555847,-51.54670000
0.02593994,-53.25211000
0.02632141,-55.33735000
0.02670288,-59.94936000
0.02708435,-82.33112000
0.02746582,-57.81120000
0.02784729,-52.27233000
0.02822876,-52.23597000
0.02861023,-54.19613000
0.02899170,-53.73919000
0.02937317,-53.59210000
0.02975464,-55.32586000
0.03013611,-59.13307000
0.03051758,-65.82248000
0.03089905,-71.42861000
0.03128052,-62.93831000
0.03166199,-57.95758000
0.03204346,-56.59431000
0.03242493,-56.63516000
0.03280640,-60.02224000
0.03318787,-68.25303000
0.03356934,-55.55539000
0.03395081,-55.35681000
0.03433228,-57.36774000
0.03471375,-53.62423000
0.03509521,-52.80095000
0.03547668,-53.76369000
0.03585815,-54.69513000
0.03623962,-56.64005000
0.03662109,-61.63631000
0.03700256,-63.10646000
0.03738403,-58.51110000
0.03776550,-55.24682000
0.03814697,-53.80987000
0.03852844,-54.03365000
0.03890991,-54.73943000
0.03929138,-55.29846000
0.03967285,-57.53654000
0.04005432,-60.42401000
0.04043579,-61.21777000
0.04081726,-63.32558000
0.04119873,-67.15390000
0.04158020,-62.05935000
0.04196167,-58.72566000
0.04234314,-59.41593000
0.04272461,-60.00479000
0.04310608,-59.23872000
0.04348755,-59.53161000
0.04386902,-58.00372000
0.04425049,-55.20880000
0.04463196,-54.18034000
0.04501343,-54.43348000
0.04539490,-54.48063000
0.04577637,-55.14616000
0.04615784,-56.66108000
0.04653931,-57.99046000
0.04692078,-59.80409000
0.04730225,-62.21043000
0.04768372,-61.94440000
0.04806519,-60.49714000
0.04844666,-56.23654000
0.04882813,-56.98976000
0.04920959,-56.88834000
0.04959106,-55.14347000
0.04997253,-54.10004000
0.05035400,-53.80466000
0.05073547,-52.16544000
0.05111694,-50.57409000
0.05149841,-50.67585000
0.05187988,-50.57770000
0.05226135,-49.54977000
0.05264282,-49.82419000
0.05302429,-51.80899000
0.05340576,-54.34285000
0.05378723,-56.45842000
0.05416870,-56.85341000
0.05455017,-59.35251000
0.05493164,-78.21503000
0.05531311,-60.42872000
0.05569458,-55.87738000
0.05607605,-56.40847000
0.05645752,-60.89267000
0.05683899,-65.57013000
0.05722046,-62.24667000
0.05760193,-59.46917000
0.05798340,-59.56989000
0.05836487,-60.35846000
0.05874634,-58.18866000
0.05912781,-55.78610000
0.05950928,-54.62867000
0.05989075,-55.39066000
0.06027222,-56.00492000
0.06065369,-54.40018000
0.06103516,-54.59856000
0.06141663,-56.68875000
0.06179810,-62.12505000
0.06217957,-63.78398000
0.06256104,-62.76653000
0.06294250,-66.74046000
0.06332397,-62.06890000
0.06370544,-57.84031000
0.06408691,-54.18671000
0.06446838,-55.00807000
0.06484985,-58.23537000
0.06523132,-57.75309000
0.06561279,-59.75367000
0.06599426,-59.81321000
0.06637573,-56.80631000
0.06675720,-56.49113000
0.06713867,-58.91602000
0.06752014,-61.37764000
0.06790161,-57.22475000
0.06828308,-55.29430000
0.06866455,-58.17639000
0.06904602,-64.20953000
0.06942749,-64.28762000
0.06980896,-59.26859000
0.07019043,-55.25291000
0.07057190,-55.77382000
0.07095337,-58.95344000
0.07133484,-57.97533000
0.07171631,-59.73421000
0.07209778,-59.80676000
0.07247925,-55.16835000
0.07286072,-52.47997000
0.07324219,-52.59341000
0.07362366,-54.98202000
0.07400513,-57.23772000
0.07438660,-57.38133000
0.07476807,-56.44096000
0.07514954,-57.46200000
0.07553101,-64.33260000
0.07591248,-68.85787000
0.07629395,-59.80776000
0.07667542,-59.88267000
0.07705688,-65.02808000
0.07743835,-66.90103000
0.07781982,-64.96414000
0.07820129,-63.44070000
0.07858276,-56.50186000
0.07896423,-53.17974000
0.07934570,-52.85454000
0.07972717,-53.99606000
0.08010864,-56.49704000
0.08049011,-64.63329000
0.08087158,-66.79001000
0.08125305,-59.41614000
0.08163452,-60.83503000
0.08201599,-67.38616000
0.08239746,-61.83728000
0.08277893,-59.92437000
0.08316040,-57.40678000
0.08354187,-54.83884000
0.08392334,-54.10780000
0.08430481,-53.16024000
0.08468628,-52.03389000
0.08506775,-53.57292000
0.08544922,-59.21203000
0.08583069,-58.46191000
0.08621216,-55.42092000
0.08659363,-54.48748000
0.08697510,-58.19772000
0.08735657,-69.89367000
0.08773804,-57.36611000
0.08811951,-56.52786000
0.08850098,-61.60738000
0.08888245,-66.42487000
0.08926392,-62.70245000
0.08964539,-58.44020000
0.09002686,-55.41666000
0.09040833,-54.58987000
0.09078979,-54.32432000
0.09117126,-53.89774000
0.09155273,-53.83665000
0.09193420,-54.54253000
0.09231567,-55.97469000
0.09269714,-58.04844000
0.09307861,-58.43406000
0.09346008,-57.00163000
0.09384155,-58.64418000
0.09422302,-64.78401000
0.09460449,-62.44010000
0.09498596,-60.77214000
0.09536743,-61.22951000
0.09574890,-67.63011000
0.09613037,-71.28806000
0.09651184,-67.95695000
0.09689331,-69.45932000
0.09727478,-73.95878000
0.09765625,-66.64850000
0.09803772,-58.97210000
0.09841919,-57.34444000
0.09880066,-60.69907000
0.09918213,-68.03595000
0.09956360,-63.20184000
0.09994507,-60.95633000
0.10032654,-62.72230000
0.10070801,-67.09552000
0.10108948,-62.39426000
0.10147095,-64.24147000
0.10185242,-72.25261000
0.10223389,-65.88826000
0.10261536,-58.26388000
0.10299683,-61.80129000
0.10337830,-64.16470000
0.10375977,-57.09250000
0.10414124,-61.99781000
0.10452271,-61.00298000
0.10490417,-55.38414000
0.10528564,-56.81145000
0.10566711,-64.75076000
0.10604858,-63.80594000
0.10643005,-58.56406000
0.10681152,-58.08402000
0.10719299,-65.41658000
0.10757446,-62.69382000
0.10795593,-61.84311000
0.10833740,-69.92417000
0.10871887,-65.39035000
0.10910034,-59.09005000
0.10948181,-57.86590000
0.10986328,-66.84243000
0.11024475,-60.57997000
0.11062622,-56.17933000
0.11100769,-57.46292000
0.11138916,-59.86404000
0.11177063,-65.86281000
0.11215210,-60.21965000
0.11253357,-53.64985000
0.11291504,-53.14466000
0.11329651,-57.82904000
0.11367798,-62.61661000
0.11405945,-58.15125000
0.11444092,-55.50827000
0.11482239,-56.52771000
0.11520386,-69.08556000
0.11558533,-61.97962000
0.11596680,-61.33274000
0.11634827,-63.59081000
0.11672974,-66.73474000
0.11711121,-74.88189000
0.11749268,-62.02549000
0.11787415,-59.17224000
0.11825562,-59.06304000
0.11863708,-56.46507000
0.11901855,-53.56799000
0.11940002,-55.34682000
0.11978149,-68.58090000
0.12016296,-62.49952000
0.12054443,-59.96430000
0.12092590,-60.52219000
0.12130737,-61.07499000
0.12168884,-61.26164000
0.12207031,-59.35777000
0.12245178,-60.80951000
0.12283325,-72.13364000
0.12321472,-63.45080000
0.12359619,-62.38052000
0.12397766,-64.92793000
0.12435913,-60.56564000
0.12474060,-65.04649000
0.12512207,-67.18795000
0.12550354,-67.01012000
0.12588501,-78.92746000
0.12626648,-64.81973000
0.12664795,-67.93562000
0.12702942,-78.24309000
0.12741089,-66.77058000
0.12779236,-62.43120000
0.12817383,-63.24570000
0.12855530,-66.04373000
0.12893677,-60.65630000
0.12931824,-57.80601000
0.12969971,-60.05251000
0.13008118,-69.28111000
0.13046265,-79.22578000
0.13084412,-76.96759000
0.13122559,-69.72708000
0.13160706,-65.10992000
0.13198853,-60.91436000
0.13237000,-59.18129000
0.13275146,-60.22138000
0.13313293,-57.36430000
0.13351440,-56.27634000
0.13389587,-58.87204000
0.13427734,-62.25360000
0.13465881,-67.93726000
0.13504028,-72.11880000
0.13542175,-63.22187000
0.13580322,-60.49576000
0.13618469,-60.19831000
0.13656616,-62.11723000
0.13694763,-57.18771000
0.13732910,-54.30127000
0.13771057,-54.22560000
0.13809204,-55.99665000
0.13847351,-59.77514000
0.13885498,-62.63356000
0.13923645,-63.61301000
0.13961792,-66.54243000
0.13999939,-75.95165000
0.14038086,-64.60435000
0.14076233,-59.63770000
0.14114380,-61.28371000
0.14152527,-66.16409000
0.14190674,-61.25021000
0.14228821,-56.90394000
0.14266968,-56.03527000
0.14305115,-55.86555000
0.14343262,-53.39156000
0.14381409,-52.20386000
0.14419556,-54.59130000
0.14457703,-61.91380000
0.14495850,-68.06806000
0.14533997,-61.16356000
0.14572144,-56.82384000
0.14610291,-54.48302000
0.14648438,-54.14527000
0.14686584,-56.65076000
0.14724731,-65.55621000
0.14762878,-62.95277000
0.14801025,-58.37551000
0.14839172,-56.70107000
0.14877319,-55.07518000
0.14915466,-56.28224000
0.14953613,-61.60491000
0.14991760,-65.28169000
0.15029907,-67.35290000
0.15068054,-78.38105000
0.15106201,-64.77275000
0.15144348,-58.97911000
0.15182495,-56.68988000
0.15220642,-56.63574000
0.15258789,-60.30100000
0.15296936,-60.62817000
0.15335083,-58.66291000
0.15373230,-60.63280000
0.15411377,-61.64362000
0.15449524,-58.59844000
0.15487671,-58.42596000
0.15525818,-60.18964000
0.15563965,-57.43916000
0.15602112,-59.99745000
0.15640259,-91.84938000
0.15678406,-62.67645000
0.15716553,-58.62269000
0.15754700,-57.40345000
0.15792847,-61.37806000
0.15830994,-67.58665000
0.15869141,-59.87001000
0.15907288,-60.13475000
0.15945435,-63.99793000
0.15983582,-62.85922000
0.16021729,-57.98343000
0.16059875,-55.71258000
0.16098022,-55.04905000
0.16136169,-56.42414000
0.16174316,-64.62712000
0.16212463,-57.89850000
0.16250610,-52.41196000
0.16288757,-52.26526000
0.16326904,-56.22433000
0.16365051,-65.73318000
0.16403198,-67.91947000
0.16441345,-64.69833000
0.16479492,-64.30959000
0.16517639,-60.44207000
0.16555786,-58.22979000
0.16593933,-59.61472000
0.16632080,-60.81322000
0.16670227,-61.37188000
0.16708374,-59.93662000
0.16746521,-56.13156000
0.16784668,-53.56573000
0.16822815,-52.86966000
0.16860962,-54.44177000
0.16899109,-56.64385000
0.16937256,-57.48953000
0.16975403,-59.25767000
0.17013550,-69.10477000
0.17051697,-64.15745000
0.17089844,-61.27226000
0.17127991,-64.03354000
0.17166138,-69.07723000
0.17204285,-76.26878000
0.17242432,-66.34302000
0.17280579,-61.12312000
0.17318726,-62.07262000
0.17356873,-68.42132000
0.17395020,-62.39254000
0.17433167,-61.33201000
0.17471313,-65.68749000
0.17509460,-61.17544000
0.17547607,-58.35783000
0.17585754,-61.75138000
0.17623901,-60.88752000
0.17662048,-55.22362000
0.17700195,-54.66238000
0.17738342,-55.12993000
0.17776489,-54.30120000
0.17814636,-53.14343000
0.17852783,-53.03301000
0.17890930,-54.08160000
0.17929077,-56.93585000
0.17967224,-62.63266000
0.18005371,-64.28597000
0.18043518,-68.64873000
0.18081665,-64.97336000
0.18119812,-58.69024000
0.18157959,-59.59732000
0.18196106,-64.16578000
0.18234253,-61.99548000
0.18272400,-65.50225000
0.18310547,-71.37977000
0.18348694,-62.96492000
0.18386841,-65.18398000
0.18424988,-60.80256000
0.18463135,-60.12574000
0.18501282,-60.58723000
0.18539429,-56.23139000
0.18577576,-54.97408000
0.18615723,-57.54820000
0.18653870,-66.78719000
0.18692017,-69.54414000
0.18730164,-63.74615000
0.18768311,-58.35620000
0.18806458,-54.53883000
0.18844604,-53.68212000
0.18882751,-55.01760000
0.18920898,-58.39237000
0.18959045,-64.76815000
0.18997192,-65.53624000
0.19035339,-61.11013000
0.19073486,-58.09579000
0.19111633,-56.72678000
0.19149780,-57.84006000
0.19187927,-64.23945000
0.19226074,-65.91060000
0.19264221,-59.69815000
0.19302368,-57.93190000
0.19340515,-58.78217000
0.19378662,-61.82738000
0.19416809,-66.46453000
0.19454956,-70.77003000
0.19493103,-62.83695000
0.19531250,-57.47479000
0.19569397,-54.65188000
0.19607544,-55.93429000
0.19645691,-63.90913000
0.19683838,-76.36212000
0.19721985,-74.92110000
0.19760132,-62.81654000
0.19798279,-60.58470000
0.19836426,-65.26189000
0.19874573,-60.97095000
0.19912720,-58.34359000
0.19950867,-58.86852000
0.19989014,-57.80271000
0.20027161,-57.51238000
0.20065308,-58.43452000
0.20103455,-58.28552000
0.20141602,-56.19140000
0.20179749,-53.79255000
0.20217896,-53.05328000
0.20256042,-55.68750000
0.20294189,-65.29326000
0.20332336,-63.66642000
0.20370483,-57.66255000
0.20408630,-55.60913000
0.20446777,-55.71489000
0.20484924,-56.88541000
0.20523071,-57.99765000
0.20561218,-59.89584000
0.20599365,-62.01448000
0.20637512,-65.15975000
0.20675659,-75.86759000
0.20713806,-70.62765000
0.20751953,-61.42274000
0.20790100,-59.13158000
0.20828247,-62.12078000
0.20866394,-65.19097000
0.20904541,-62.53803000
0.20942688,-56.20029000
0.20980835,-55.86492000
0.21018982,-60.98045000
0.21057129,-62.68434000
0.21095276,-61.60053000
0.21133423,-62.34554000
0.21171570,-66.00010000
0.21209717,-71.37735000
0.21247864,-65.12290000
0.21286011,-67.01447000
0.21324158,-77.44137000
0.21362305,-66.65916000
0.21400452,-74.80582000
0.21438599,-67.57220000
0.21476746,-62.61474000
0.21514893,-62.68601000
0.21553040,-76.62953000
0.21591187,-64.33894000
0.21629333,-60.80283000
0.21667480,-67.81512000
0.21705627,-65.56898000
0.21743774,-62.28597000
0.21781921,-67.04239000
0.21820068,-60.04382000
0.21858215,-58.88549000
0.21896362,-60.72324000
0.21934509,-62.13195000
0.21972656,-63.37084000
0.22010803,-71.81027000
0.22048950,-65.19430000
0.22087097,-58.71625000
0.22125244,-57.01084000
0.22163391,-57.73095000
0.22201538,-59.08638000
0.22239685,-57.77100000
0.22277832,-55.51769000
0.22315979,-55.63548000
0.22354126,-58.50769000
0.22392273,-61.04406000
0.22430420,-59.22527000
0.22468567,-57.08904000
0.22506714,-56.35270000
0.22544861,-57.70172000
0.22583008,-62.15273000
0.22621155,-76.44161000
0.22659302,-66.09490000
0.22697449,-60.68073000
0.22735596,-61.98641000
0.22773743,-61.04807000
0.22811890,-56.72712000
0.22850037,-54.20559000
0.22888184,-52.98655000
0.22926331,-54.24397000
0.22964478,-59.92547000
0.23002625,-70.39262000
0.23040771,-64.59332000
0.23078918,-64.92014000
0.23117065,-73.04406000
0.23155212,-71.27782000
0.23193359,-68.94269000
0.23231506,-68.57045000
0.23269653,-70.39172000
0.23307800,-63.23101000
0.23345947,-58.49641000
0.23384094,-56.94004000
0.23422241,-58.15522000
0.23460388,-61.08751000
0.23498535,-60.38395000
0.23536682,-56.75406000
0.23574829,-55.25952000
0.23612976,-55.15614000
0.23651123,-56.06301000
0.23689270,-60.76316000
0.23727417,-71.18462000
0.23765564,-68.74306000
0.23803711,-63.78666000
0.23841858,-60.79632000
0.23880005,-58.81345000
0.23918152,-59.88780000
0.23956299,-63.23398000
0.23994446,-63.62185000
0.24032593,-59.32108000
0.24070740,-59.66477000
0.24108887,-66.74779000
0.24147034,-65.17749000
0.24185181,-62.09184000
0.24223328,-59.72475000
0.24261475,-58.66782000
0.24299622,-57.52256000
0.24337769,-55.35172000
0.24375916,-57.05836000
0.24414063,-68.50785000
0.24452209,-64.70523000
0.24490356,-68.61710000
0.24528503,-62.05921000
0.24566650,-61.44205000
0.24604797,-60.98203000
0.24642944,-57.74179000
0.24681091,-56.47887000
0.24719238,-58.15881000
0.24757385,-56.98342000
0.24795532,-55.47749000
0.24833679,-56.92468000
0.24871826,-57.74714000
0.24909973,-57.90829000
0.24948120,-60.69994000
0.24986267,-64.41558000
0.25024414,-60.64554000
0.25062561,-58.62344000
0.25100708,-59.33152000
0.25138855,-62.74872000
0.25177002,-66.31895000
0.25215149,-64.87769000
0.25253296,-63.12016000
0.25291443,-61.57253000
0.25329590,-58.41613000
0.25367737,-55.36560000
0.25405884,-53.71821000
0.25444031,-54.19505000
0.25482178,-57.83444000
0.25520325,-67.25519000
0.25558472,-78.95015000
0.25596619,-77.60983000
0.25634766,-64.56211000
0.25672913,-60.05809000
0.25711060,-61.08996000
0.25749207,-66.79811000
0.25787354,-71.46577000
0.25825500,-68.45510000
0.25863647,-65.92528000
0.25901794,-73.13266000
0.25939941,-65.78959000
0.25978088,-64.01778000
0.26016235,-66.23003000
0.26054382,-57.93396000
0.26092529,-53.75277000
0.26130676,-52.41951000
0.26168823,-55.48760000
0.26206970,-62.95779000
0.26245117,-66.17288000
0.26283264,-67.09514000
0.26321411,-58.50863000
0.26359558,-58.79469000
0.26397705,-64.65394000
0.26435852,-62.67451000
0.26473999,-61.53822000
0.26512146,-60.02577000
0.26550293,-59.46792000
0.26588440,-61.67379000
0.26626587,-59.14853000
0.26664734,-56.44254000
0.26702881,-57.47099000
0.26741028,-61.93269000
0.26779175,-67.47075000
0.26817322,-66.01057000
0.26855469,-65.53404000
0.26893616,-66.90312000
0.26931763,-60.54066000
0.26969910,-58.92643000
0.27008057,-60.61931000
0.27046204,-64.08662000
0.27084351,-67.85635000
0.27122498,-71.82983000
0.27160645,-64.73677000
0.27198792,-61.22792000
0.27236938,-60.42896000
0.27275085,-59.35246000
0.27313232,-63.60649000
0.27351379,-75.13937000
0.27389526,-61.78403000
0.27427673,-58.93036000
0.27465820,-58.64511000
0.27503967,-58.41771000
0.27542114,-56.58154000
0.27580261,-55.03256000
0.27618408,-54.29857000
0.27656555,-54.25629000
0.27694702,-54.65056000
0.27732849,-56.47806000
0.27770996,-60.21604000
0.27809143,-63.23393000
0.27847290,-68.88511000
0.27885437,-68.59767000
0.27923584,-66.51155000
0.27961731,-64.98257000
0.27999878,-59.24808000
0.28038025,-58.44542000
0.28076172,-58.18798000
0.28114319,-58.64711000
0.28152466,-65.00761000
0.28190613,-66.72614000
0.28228760,-59.43575000
0.28266907,-61.25137000
0.28305054,-74.74474000
0.28343201,-67.41682000
0.28381348,-63.93778000
0.28419495,-60.80621000
0.28457642,-57.82676000
0.28495789,-57.30836000
0.28533936,-59.55449000
0.28572083,-61.42475000
0.28610229,-66.10797000
0.28648376,-61.69193000
0.28686523,-55.82623000
0.28724670,-55.09774000
0.28762817,-58.06785000
0.28800964,-64.29888000
0.28839111,-62.80934000
0.28877258,-59.72668000
0.28915405,-58.76946000
0.28953552,-56.35504000
0.28991699,-53.87348000
0.29029846,-54.24967000
0.29067993,-58.59078000
0.29106140,-59.10892000
0.29144287,-55.35277000
0.29182434,-55.42936000
0.29220581,-58.30434000
0.29258728,-60.42153000
0.29296875,-59.37709000
0.29335022,-58.21791000
0.29373169,-60.01685000
0.29411316,-68.30574000
0.29449463,-67.70060000
0.29487610,-62.28950000
0.29525757,-60.89444000
0.29563904,-60.85226000
0.29602051,-64.25027000
0.29640198,-71.24677000
0.29678345,-67.06649000
0.29716492,-65.84080000
0.29754639,-69.64687000
0.29792786,-69.05592000
0.29830933,-63.41422000
0.29869080,-61.99425000
0.29907227,-60.28666000
0.29945374,-57.78038000
0.29983521,-56.60093000
0.30021667,-54.21669000
0.30059814,-52.60861000
0.30097961,-53.47649000
0.30136108,-57.17760000
0.30174255,-62.49545000
0.30212402,-62.07974000
0.30250549,-62.23546000
0.30288696,-72.36234000
0.30326843,-69.32733000
0.30364990,-65.01363000
0.30403137,-60.41575000
0.30441284,-58.98577000
0.30479431,-64.48782000
0.30517578,-63.15093000
0.30555725,-56.49372000
0.30593872,-55.18739000
0.30632019,-55.04265000
0.30670166,-57.86856000
0.30708313,-67.47769000
0.30746460,-83.96770000
0.30784607,-73.53426000
0.30822754,-73.98143000
0.30860901,-67.33730000
0.30899048,-60.40623000
0.30937195,-57.61948000
0.30975342,-57.16992000
0.31013489,-58.63550000
0.31051636,-62.16600000
0.31089783,-62.74994000
0.31127930,-57.22401000
0.31166077,-54.46564000
0.31204224,-55.57356000
0.31242371,-63.36994000
0.31280518,-68.95328000
0.31318665,-64.73923000
0.31356812,-65.24030000
0.31394958,-62.57381000
0.31433105,-60.25486000
0.31471252,-66.04979000
0.31509399,-66.23636000
0.31547546,-62.29160000
0.31585693,-72.07504000
0.31623840,-79.06850000
0.31661987,-67.27744000
0.31700134,-62.39310000
0.31738281,-64.73843000
0.31776428,-65.00042000
0.31814575,-63.02810000
0.31852722,-66.13231000
0.31890869,-66.52690000
0.31929016,-62.32704000
0.31967163,-66.95886000
0.32005310,-73.76332000
0.32043457,-63.23859000
0.32081604,-59.13697000
0.32119751,-57.85225000
0.32157898,-58.64483000
0.32196045,-60.65587000
0.32234192,-61.56384000
0.32272339,-60.49000000
0.32310486,-64.26887000
0.32348633,-70.92670000
0.32386780,-60.27538000
0.32424927,-58.68752000
0.32463074,-58.46422000
0.32501221,-58.15979000
0.32539368,-58.75261000
0.32577515,-59.03852000
0.32615662,-57.84292000
0.32653809,-57.67706000
0.32691956,-58.98247000
0.32730103,-59.79000000
0.32768250,-60.38099000
0.32806396,-61.20502000
0.32844543,-61.36804000
0.32882690,-62.53506000
0.32920837,-65.97279000
0.32958984,-68.08395000
0.32997131,-64.78870000
0.33035278,-62.35683000
0.33073425,-64.36197000
0.33111572,-71.47073000
0.33149719,-70.17004000
0.33187866,-62.59717000
0.33226013,-60.07571000
0.33264160,-62.27129000
0.33302307,-65.23421000
0.33340454,-62.51515000
0.33378601,-62.06469000
0.33416748,-64.83195000
0.33454895,-59.74422000
0.33493042,-56.08045000
0.33531189,-57.03611000
0.33569336,-61.79968000
0.33607483,-60.51670000
0.33645630,-58.30207000
0.33683777,-59.00017000
0.33721924,-60.92812000
0.33760071,-63.53659000
0.33798218,-66.07446000
0.33836365,-62.28248000
0.33874512,-62.05854000
0.33912659,-65.31976000
0.33950806,-65.78389000
0.33988953,-69.17747000
0.34027100,-73.44935000
0.34065247,-67.49390000
0.34103394,-63.98115000
0.34141541,-59.15510000
0.34179688,-55.11448000
0.34217834,-56.01264000
0.34255981,-63.16088000
0.34294128,-69.36919000
0.34332275,-68.11835000
0.34370422,-81.86065000
0.34408569,-80.77444000
0.34446716,-64.85357000
0.34484863,-60.56038000
0.34523010,-64.34135000
0.34561157,-83.41562000
0.34599304,-66.02219000
0.34637451,-63.41724000
0.34675598,-64.75417000
0.34713745,-67.57922000
0.34751892,-66.25618000
0.34790039,-61.05576000
0.34828186,-58.08896000
0.34866333,-58.88127000
0.34904480,-64.23294000
0.34942627,-74.82607000
0.34980774,-69.42325000
0.35018921,-57.89509000
0.35057068,-54.33667000
0.35095215,-55.64789000
0.35133362,-61.03976000
0.35171509,-62.18009000
0.35209656,-58.12765000
0.35247803,-56.59371000
0.35285950,-56.99600000
0.35324097,-57.59120000
0.35362244,-59.04509000
0.35400391,-63.78898000
0.35438538,-84.90173000
0.35476685,-73.00256000
0.35514832,-70.22060000
0.35552979,-63.06139000
0.35591125,-66.65683000
0.35629272,-60.69870000
0.35667419,-59.22341000
0.35705566,-64.41837000
0.35743713,-67.21290000
0.35781860,-60.06357000
0.35820007,-58.70349000
0.35858154,-62.92875000
0.35896301,-68.82011000
0.35934448,-68.14959000
0.35972595,-60.17774000
0.36010742,-57.55081000
0.36048889,-59.41103000
0.36087036,-64.11124000
0.36125183,-66.61074000
0.36163330,-64.44635000
0.36201477,-61.14505000
0.36239624,-62.78663000
0.36277771,-73.76669000
0.36315918,-59.45647000
0.36354065,-59.21172000
0.36392212,-63.29549000
0.36430359,-66.29759000
0.36468506,-65.80216000
0.36506653,-67.69247000
0.36544800,-73.09782000
0.36582947,-63.20353000
0.36621094,-60.79356000
0.36659241,-59.98371000
0.36697388,-62.42587000
0.36735535,-74.21830000
0.36773682,-63.05885000
0.36811829,-58.55044000
0.36849976,-57.80609000
0.36888123,-59.25927000
0.36926270,-62.92337000
0.36964417,-65.55594000
0.37002563,-60.95996000
0.37040710,-56.29200000
0.37078857,-54.01004000
0.37117004,-52.83627000
0.37155151,-52.41907000
0.37193298,-53.06594000
0.37231445,-54.78575000
0.37269592,-56.80803000
0.37307739,-56.67515000
0.37345886,-54.86362000
0.37384033,-55.07721000
0.37422180,-58.28739000
0.37460327,-64.04692000
0.37498474,-63.49968000
0.37536621,-58.35661000
0.37574768,-57.70779000
0.37612915,-60.56857000
0.37651062,-60.15368000
0.37689209,-64.10848000
0.37727356,-63.41402000
0.37765503,-58.18064000
0.37803650,-61.62997000
0.37841797,-70.81084000
0.37879944,-63.57629000
0.37918091,-62.77599000
0.37956238,-66.97202000
0.37994385,-75.58970000
0.38032532,-73.10739000
0.38070679,-66.94142000
0.38108826,-60.34832000
0.38146973,-57.91332000
0.38185120,-59.96250000
0.38223267,-69.25639000
0.38261414,-65.51093000
0.38299561,-63.30597000
0.38337708,-60.58186000
0.38375854,-58.55805000
0.38414001,-59.95678000
0.38452148,-63.03736000
0.38490295,-65.93253000
0.38528442,-70.24978000
0.38566589,-64.44120000
0.38604736,-59.71062000
0.38642883,-60.08887000
0.38681030,-65.96640000
0.38719177,-83.74442000
0.38757324,-69.21323000
0.38795471,-66.57968000
0.38833618,-64.21052000
0.38871765,-61.48697000
0.38909912,-56.53324000
0.38948059,-53.43129000
0.38986206,-53.39806000
0.39024353,-55.89447000
0.39062500,-60.60553000
0.39100647,-60.96795000
0.39138794,-59.63006000
0.39176941,-64.37589000
0.39215088,-68.95303000
0.39253235,-60.29127000
0.39291382,-57.98622000
0.39329529,-58.12685000
0.39367676,-61.55987000
0.39405823,-67.02352000
0.39443970,-62.66135000
0.39482117,-60.92140000
0.39520264,-57.69714000
0.39558411,-55.41676000
0.39596558,-55.91848000
0.39634705,-56.82390000
0.39672852,-56.44785000
0.39710999,-57.35682000
0.39749146,-60.99778000
0.39787292,-68.20808000
0.39825439,-67.67247000
0.39863586,-69.46362000
0.39901733,-65.77277000
0.39939880,-62.96347000
0.39978027,-66.20499000
0.40016174,-77.49435000
0.40054321,-66.40952000
0.40092468,-62.47943000
0.40130615,-62.16240000
0.40168762,-62.99705000
0.40206909,-63.89654000
0.40245056,-61.51959000
0.40283203,-58.75331000
0.40321350,-57.35991000
0.40359497,-55.85094000
0.40397644,-54.42292000
0.40435791,-53.47112000
0.40473938,-54.81601000
0.40512085,-61.56746000
0.40550232,-87.28148000
0.40588379,-71.95618000
0.40626526,-70.59257000
0.40664673,-77.18728000
0.40702820,-75.00188000
0.40740967,-69.58918000
0.40779114,-67.82754000
0.40817261,-65.73833000
0.40855408,-57.56977000
0.40893555,-55.61881000
0.40931702,-58.84920000
0.40969849,-66.11167000
0.41007996,-64.39376000
0.41046143,-59.85991000
0.41084290,-59.94725000
0.41122437,-68.36971000
0.41160583,-61.58899000
0.41198730,-59.57912000
0.41236877,-64.26373000
0.41275024,-62.50269000
0.41313171,-58.01245000
0.41351318,-56.81042000
0.41389465,-57.42027000
0.41427612,-58.62914000
0.41465759,-59.05639000
0.41503906,-60.78522000
0.41542053,-69.00878000
0.41580200,-64.00673000
0.41618347,-57.78467000
0.41656494,-57.37260000
0.41694641,-64.59258000
0.41732788,-62.25171000
0.41770935,-58.54266000
0.41809082,-61.66851000
0.41847229,-67.75340000
0.41885376,-67.20197000
0.41923523,-64.44632000
0.41961670,-66.32100000
0.41999817,-69.63035000
0.42037964,-68.40888000
0.42076111,-62.40829000
0.42114258,-57.67977000
0.42152405,-56.93705000
0.42190552,-60.79876000
0.42228699,-57.22975000
0.42266846,-54.97778000
0.42304993,-57.54081000
0.42343140,-61.98438000
0.42381287,-60.86404000
0.42419434,-61.25932000
0.42457581,-69.16390000
0.42495728,-64.83890000
0.42533875,-59.46383000
0.42572021,-57.90550000
0.42610168,-56.89336000
0.42648315,-58.08368000
0.42686462,-62.16980000
0.42724609,-68.51415000
0.42762756,-75.35697000
0.42800903,-77.95289000
0.42839050,-76.49191000
0.42877197,-69.42157000
0.42915344,-63.76454000
0.42953491,-63.69151000
0.42991638,-68.85457000
0.43029785,-73.91620000
0.43067932,-75.26840000
0.43106079,-66.77022000
0.43144226,-62.18648000
0.43182373,-60.93003000
0.43220520,-63.38708000
0.43258667,-66.36570000
0.43296814,-62.99982000
0.43334961,-58.10803000
0.43373108,-56.94165000
0.43411255,-61.46525000
0.43449402,-89.49067000
0.43487549,-65.77537000
0.43525696,-65.72623000
0.43563843,-73.12099000
0.43601990,-71.37881000
0.43640137,-68.61517000
0.43678284,-77.41218000
0.43716431,-65.82263000
0.43754578,-62.42152000
0.43792725,-65.47224000
0.43830872,-59.28823000
0.43869019,-56.25312000
0.43907166,-58.72548000
0.43945313,-68.12568000
0.43983459,-60.98144000
0.44021606,-59.14172000
0.44059753,-69.21899000
0.44097900,-61.92860000
0.44136047,-56.57148000
0.44174194,-56.01019000
0.44212341,-58.06668000
0.44250488,-63.12307000
0.44288635,-69.64959000
0.44326782,-62.65922000
0.44364929,-61.16884000
0.44403076,-66.19095000
0.44441223,-69.78648000
0.44479370,-57.89705000
0.44517517,-54.90944000
0.44555664,-56.19687000
0.44593811,-60.48282000
0.44631958,-64.90681000
0.44670105,-66.92833000
0.44708252,-72.36694000
0.44746399,-69.05115000
0.44784546,-75.81981000
0.44822693,-70.18340000
0.44860840,-65.44793000
0.44898987,-62.65179000
0.44937134,-60.87993000
0.44975281,-65.72449000
0.45013428,-69.68623000
0.45051575,-63.63021000
0.45089722,-60.43705000
0.45127869,-56.89880000
0.45166016,-54.44003000
0.45204163,-55.53663000
0.45242310,-63.31069000
0.45280457,-69.24479000
0.45318604,-61.45664000
0.45356750,-58.60905000
0.45394897,-57.35632000
0.45433044,-57.29830000
0.45471191,-59.64266000
0.45509338,-66.36208000
0.45547485,-75.08430000
0.45585632,-69.01286000
0.45623779,-61.89941000
0.45661926,-59.10674000
0.45700073,-58.14343000
0.45738220,-58.26062000
0.45776367,-58.06837000
0.45814514,-56.43956000
0.45852661,-55.52075000
0.45890808,-57.27224000
0.45928955,-63.44605000
0.45967102,-68.40531000
0.46005249,-63.56548000
0.46043396,-67.11419000
0.46081543,-76.97702000
0.46119690,-68.41720000
0.46157837,-63.11955000
0.46195984,-58.88273000
0.46234131,-60.42048000
0.46272278,-80.19270000
0.46310425,-62.30698000
0.46348572,-60.38960000
0.46386719,-61.10395000
0.46424866,-60.48215000
0.46463013,-61.62357000
0.46501160,-63.62199000
0.46539307,-62.06676000
0.46577454,-62.29863000
0.46615601,-73.75457000
0.46653748,-64.29365000
0.46691895,-62.17013000
0.46730042,-62.61069000
0.46768188,-60.93384000
0.46806335,-60.76132000
0.46844482,-66.45378000
0.46882629,-73.61424000
0.46920776,-63.75204000
0.46958923,-63.15593000
0.46997070,-64.07272000
0.47035217,-66.21747000
0.47073364,-75.93480000
0.47111511,-66.07064000
0.47149658,-68.47698000
0.47187805,-66.19458000
0.47225952,-57.58609000
0.47264099,-55.41825000
0.47302246,-57.15199000
0.47340393,-62.18108000
0.47378540,-69.21405000
0.47416687,-64.09949000
0.47454834,-61.72866000
0.47492981,-61.63479000
0.47531128,-62.05760000
0.47569275,-63.11310000
0.47607422,-65.54961000
0.47645569,-67.70821000
0.47683716,-59.64964000
0.47721863,-56.45122000
0.47760010,-56.46433000
0.47798157,-58.18689000
0.47836304,-58.44175000
0.47874451,-58.27772000
0.47912598,-63.00542000
0.47950745,-70.97255000
0.47988892,-63.30557000
0.48027039,-64.16953000
0.48065186,-66.71086000
0.48103333,-69.22144000
0.48141479,-68.36148000
0.48179626,-66.17412000
0.48217773,-65.78936000
0.48255920,-66.26702000
0.48294067,-66.10087000
0.48332214,-65.53532000
0.48370361,-70.08603000
0.48408508,-73.32734000
0.48446655,-65.25397000
0.48484802,-61.85258000
0.48522949,-58.37160000
0.48561096,-56.71019000
0.48599243,-57.89270000
0.48637390,-65.42024000
0.48675537,-63.59539000
0.48713684,-59.28794000
0.48751831,-60.76126000
0.48789978,-63.55471000
0.48828125,-65.78773000
0.48866272,-64.82398000
0.48904419,-67.33469000
0.48942566,-76.55229000
0.48980713,-67.35304000
0.49018860,-79.02145000
0.49057007,-68.67553000
0.49095154,-65.50679000
0.49133301,-67.35802000
0.49171448,-80.04261000
0.49209595,-63.87260000
0.49247742,-64.27617000
0.49285889,-77.56229000
0.49324036,-69.81427000
0.49362183,-61.97831000
0.49400330,-57.20702000
0.49438477,-56.31096000
0.49476624,-58.07396000
0.49514771,-61.83175000
0.49552917,-69.12093000
0.49591064,-67.01192000
0.49629211,-64.40399000
0.49667358,-73.46899000
0.49705505,-64.01997000
0.49743652,-57.34403000
0.49781799,-55.70437000
0.49819946,-57.10087000
0.49858093,-64.43369000
0.49896240,-69.25511000
0.49934387,-63.62690000
0.49972534,-76.80074000
0.50010681,-57.87612000
0.50048828,-53.70201000
0.50086975,-54.63517000
0.50125122,-58.26434000
0.50163269,-63.66359000
0.50201416,-75.38397000
0.50239563,-68.50894000
0.50277710,-65.08482000
0.50315857,-61.80721000
0.50354004,-60.94203000
0.50392151,-62.74185000
0.50430298,-64.33082000
0.50468445,-61.48706000
0.50506592,-66.24453000
0.50544739,-70.37408000
0.50582886,-61.83098000
0.50621033,-61.82440000
0.50659180,-64.96703000
0.50697327,-90.37285000
0.50735474,-63.92494000
0.50773621,-60.56927000
0.50811768,-61.27252000
0.50849915,-65.06407000
0.50888062,-70.75547000
0.50926208,-64.56338000
0.50964355,-59.44390000
0.51002502,-59.24368000
0.51040649,-64.67241000
0.51078796,-71.82233000
0.51116943,-79.28405000
0.51155090,-67.38184000
0.51193237,-65.79652000
0.51231384,-68.58136000
0.51269531,-58.20387000
0.51307678,-55.52730000
0.51345825,-59.73880000
0.51383972,-68.43573000
0.51422119,-57.33934000
0.51460266,-56.44312000
0.51498413,-60.86485000
0.51536560,-74.58253000
0.51574707,-65.70823000
0.51612854,-63.19416000
0.51651001,-64.22784000
0.51689148,-66.05779000
0.51727295,-69.19350000
0.51765442,-69.68850000
0.51803589,-62.27158000
0.51841736,-57.24231000
0.51879883,-54.76722000
0.51918030,-55.28728000
0.51956177,-58.31429000
0.51994324,-60.63204000
0.52032471,-61.85133000
0.52070618,-67.07658000
0.52108765,-66.06911000
0.52146912,-89.43513000
0.52185059,-61.02490000
0.52223206,-56.63152000
0.52261353,-57.77955000
0.52299500,-64.83773000
0.52337646,-73.62843000
0.52375793,-64.00664000
0.52413940,-59.89969000
0.52452087,-62.18442000
0.52490234,-70.31989000
0.52528381,-75.99991000
0.52566528,-63.53799000
0.52604675,-60.09308000
0.52642822,-60.08280000
0.52680969,-62.00978000
0.52719116,-66.77707000
0.52757263,-66.54436000
0.52795410,-61.78606000
0.52833557,-57.81373000
0.52871704,-57.54142000
0.52909851,-62.71706000
0.52947998,-69.85236000
0.52986145,-66.50726000
0.53024292,-64.73808000
0.53062439,-63.13438000
0.53100586,-64.43301000
0.53138733,-69.75465000
0.53176880,-68.16066000
0.53215027,-64.65765000
0.53253174,-65.58833000
0.53291321,-79.59275000
0.53329468,-67.41865000
0.53367615,-63.58795000
0.53405762,-64.94481000
0.53443909,-60.61605000
0.53482056,-57.14229000
0.53520203,-59.64132000
0.53558350,-69.93604000
0.53596497,-62.97370000
0.53634644,-59.70457000
0.53672791,-57.87636000
0.53710938,-56.54433000
0.53749084,-55.59764000
0.53787231,-56.72205000
0.53825378,-62.80154000
0.53863525,-60.61996000
0.53901672,-57.17115000
0.53939819,-58.53370000
0.53977966,-62.72691000
0.54016113,-65.96335000
0.54054260,-64.79258000
0.54092407,-62.96895000
0.54130554,-63.66658000
0.54168701,-73.16739000
0.54206848,-68.30224000
0.54244995,-63.86387000
0.54283142,-62.43576000
0.54321289,-60.98252000
0.54359436,-60.56248000
0.54397583,-62.18110000
0.54435730,-61.67944000
0.54473877,-61.64001000
0.54512024,-73.28030000
0.54550171,-67.43192000
0.54588318,-66.30421000
0.54626465,-66.07705000
0.54664612,-66.78334000
0.54702759,-79.63367000
0.54740906,-62.22658000
0.54779053,-60.50019000
0.54817200,-60.15504000
0.54855347,-54.02611000
0.54893494,-52.35914000
0.54931641,-55.13714000
0.54969788,-62.10236000
0.55007935,-66.87342000
0.55046082,-65.87736000
0.55084229,-76.28032000
0.55122375,-59.59333000
0.55160522,-57.84100000
0.55198669,-63.62801000
0.55236816,-73.67364000
0.55274963,-61.12338000
0.55313110,-57.65353000
0.55351257,-55.96218000
0.55389404,-56.84783000
0.55427551,-61.21880000
0.55465698,-63.28366000
0.55503845,-61.29475000
0.55541992,-62.79508000
0.55580139,-70.12565000
0.55618286,-68.06505000
0.55656433,-70.20660000
0.55694580,-90.65318000
0.55732727,-82.26704000
0.55770874,-67.16800000
0.55809021,-59.69582000
0.55847168,-55.99363000
0.55885315,-54.49028000
0.55923462,-55.00784000
0.55961609,-57.69654000
0.55999756,-62.25736000
0.56037903,-61.47665000
0.56076050,-58.32634000
0.56114197,-59.35419000
0.56152344,-61.88513000
0.56190491,-59.50601000
0.56228638,-55.09701000
0.56266785,-53.33890000
0.56304932,-54.75162000
0.56343079,-57.76762000
0.56381226,-59.76641000
0.56419373,-61.85025000
0.56457520,-61.16068000
0.56495667,-57.85347000
0.56533813,-57.87027000
0.56571960,-62.52462000
0.56610107,-66.60651000
0.56648254,-59.89981000
0.56686401,-56.45656000
0.56724548,-57.47885000
0.56762695,-66.61763000
0.56800842,-74.03964000
0.56838989,-72.69335000
0.56877136,-60.14520000
0.56915283,-57.76887000
0.56953430,-62.18969000
0.56991577,-73.49644000
0.57029724,-59.10128000
0.57067871,-56.26936000
0.57106018,-57.14895000
0.57144165,-60.49224000
0.57182312,-64.86052000
0.57220459,-69.74885000
0.57258606,-72.22159000
0.57296753,-69.14946000
0.57334900,-65.28033000
0.57373047,-64.62946000
0.57411194,-71.46816000
0.57449341,-68.39087000
0.57487488,-62.00467000
0.57525635,-61.34521000
0.57563782,-63.84963000
0.57601929,-71.68298000
0.57640076,-71.82774000
0.57678223,-64.86081000
0.57716370,-64.15189000
0.57754517,-67.46126000
0.57792664,-65.34747000
0.57830811,-63.24610000
0.57868958,-66.76287000
0.57907104,-67.57844000
0.57945251,-67.09355000
0.57983398,-63.92915000
0.58021545,-63.77342000
0.58059692,-63.80604000
0.58097839,-58.81149000
0.58135986,-56.29335000
0.58174133,-55.96251000
0.58212280,-56.80883000
0.58250427,-59.73918000
0.58288574,-64.92237000
0.58326721,-65.49496000
0.58364868,-68.17372000
0.58403015,-63.91685000
0.58441162,-60.33492000
0.58479309,-61.80879000
0.58517456,-64.38936000
0.58555603,-64.29406000
0.58593750,-64.73776000
0.58631897,-70.95845000
0.58670044,-68.26766000
0.58708191,-58.10486000
0.58746338,-54.41965000
0.58784485,-54.12747000
0.58822632,-56.53877000
0.58860779,-61.17104000
0.58898926,-65.01132000
0.58937073,-69.05811000
0.58975220,-73.18471000
0.59013367,-86.86410000
0.59051514,-68.92630000
0.59089661,-66.69745000
0.59127808,-73.42415000
0.59165955,-69.47791000
0.59204102,-59.59791000
0.59242249,-55.87849000
0.59280396,-56.38969000
0.59318542,-59.84438000
0.59356689,-64.91517000
0.59394836,-64.79605000
0.59432983,-64.31594000
0.59471130,-64.37903000
0.59509277,-62.61924000
0.59547424,-66.82230000
0.59585571,-68.72433000
0.59623718,-68.42012000
0.59661865,-72.34758000
0.59700012,-60.68676000
0.59738159,-57.29659000
0.59776306,-56.86702000
0.59814453,-57.96011000
0.59852600,-60.75507000
0.59890747,-60.72037000
0.59928894,-58.09343000
0.59967041,-58.43202000
0.60005188,-62.85654000
0.60043335,-72.36922000
0.60081482,-66.64232000
0.60119629,-68.52843000
0.60157776,-78.51963000
0.60195923,-66.92704000
0.60234070,-67.85225000
0.60272217,-66.53994000
0.60310364,-63.69955000
0.60348511,-65.11842000
0.60386658,-64.08779000
0.60424805,-64.47958000
0.60462952,-64.86890000
0.60501099,-60.05614000
0.60539246,-58.85442000
0.60577393,-60.61169000
0.60615540,-63.30526000
0.60653687,-66.88320000
0.60691833,-85.35122000
0.60729980,-69.32832000
0.60768127,-64.96844000
0.60806274,-64.18239000
0.60844421,-65.18805000
0.60882568,-65.91470000
0.60920715,-70.96278000
0.60958862,-69.29025000
0.60997009,-62.78687000
0.61035156,-60.04164000
0.61073303,-57.40255000
0.61111450,-55.90321000
0.61149597,-56.25036000
0.61187744,-56.80456000
0.61225891,-57.60189000
0.61264038,-59.34421000
0.61302185,-61.83732000
0.61340332,-63.83083000
0.61378479,-64.41896000
0.61416626,-63.88554000
0.61454773,-63.35508000
0.61492920,-65.81416000
0.61531067,-72.40826000
0.61569214,-73.37490000
0.61607361,-66.05415000
0.61645508,-63.88533000
0.61683655,-64.81260000
0.61721802,-60.32530000
0.61759949,-56.03732000
0.61798096,-56.47763000
0.61836243,-62.15027000
0.61874390,-71.84012000
0.61912537,-68.82541000
0.61950684,-61.48785000
0.61988831,-57.90095000
0.62026978,-57.96149000
0.62065125,-61.44327000
0.62103271,-62.61516000
0.62141418,-59.47548000
0.62179565,-58.01992000
0.62217712,-57.94363000
0.62255859,-57.36688000
0.62294006,-56.84497000
0.62332153,-57.01295000
0.62370300,-58.13692000
0.62408447,-60.62853000
0.62446594,-65.87948000
0.62484741,-68.61174000
0.62522888,-64.23862000
0.62561035,-65.98361000
0.62599182,-68.37461000
0.62637329,-68.30720000
0.62675476,-69.29391000
0.62713623,-65.45890000
0.62751770,-64.49918000
0.62789917,-64.64540000
0.62828064,-65.56543000
0.62866211,-65.44923000
0.62904358,-63.84318000
0.62942505,-62.08902000
0.62980652,-63.93410000
0.63018799,-68.34550000
0.63056946,-62.51602000
0.63095093,-58.24965000
0.63133240,-57.26227000
0.63171387,-59.52642000
0.63209534,-63.52486000
0.63247681,-62.82622000
0.63285828,-61.41967000
0.63323975,-59.97085000
0.63362122,-59.63955000
0.63400269,-63.18713000
0.63438416,-68.90948000
0.63476563,-64.48994000
0.63514709,-65.40297000
0.63552856,-73.64198000
0.63591003,-71.17187000
0.63629150,-64.05643000
0.63667297,-61.82309000
0.63705444,-61.74851000
0.63743591,-59.79583000
0.63781738,-57.52758000
0.63819885,-58.98769000
0.63858032,-65.09307000
0.63896179,-61.16610000
0.63934326,-58.68106000
0.63972473,-58.07410000
0.64010620,-57.04596000
0.64048767,-53.95546000
0.64086914,-51.82022000
0.64125061,-52.64177000
0.64163208,-56.90766000
0.64201355,-66.52250000
0.64239502,-66.65237000
0.64277649,-63.29918000
0.64315796,-63.13661000
0.64353943,-62.08962000
0.64392090,-60.29197000
0.64430237,-57.57561000
0.64468384,-56.09591000
0.64506531,-58.72043000
0.64544678,-68.18348000
0.64582825,-62.15616000
0.64620972,-62.09745000
0.64659119,-73.98206000
0.64697266,-61.29932000
0.64735413,-57.11696000
0.64773560,-59.58156000
0.64811707,-72.88522000
0.64849854,-61.71683000
0.64888000,-57.34709000
0.64926147,-56.37958000
0.64964294,-57.95498000
0.65002441,-59.69353000
0.65040588,-60.73519000
0.65078735,-68.02463000
0.65116882,-60.38065000
0.65155029,-56.66740000
0.65193176,-58.07945000
0.65231323,-62.43817000
0.65269470,-66.82837000
0.65307617,-68.49226000
0.65345764,-65.11597000
0.65383911,-59.65534000
0.65422058,-57.20662000
0.65460205,-57.76861000
0.65498352,-60.16277000
0.65536499,-61.46340000
0.65574646,-62.46125000
0.65612793,-64.22321000
0.65650940,-62.76985000
0.65689087,-59.85595000
0.65727234,-57.55521000
0.65765381,-56.62541000
0.65803528,-56.67793000
0.65841675,-57.51923000
0.65879822,-60.38904000
0.65917969,-64.07749000
0.65956116,-63.82862000
0.65994263,-61.47415000
0.66032410,-58.87345000
0.66070557,-56.96134000
0.66108704,-56.57235000
0.66146851,-56.06323000
0.66184998,-56.61005000
0.66223145,-60.95985000
0.66261292,-69.32372000
0.66299438,-71.75066000
0.66337585,-64.52714000
0.66375732,-59.61376000
0.66413879,-57.34674000
0.66452026,-57.57493000
0.66490173,-58.50904000
0.66528320,-59.39232000
0.66566467,-62.27543000
0.66604614,-68.18485000
0.66642761,-67.00904000
0.66680908,-70.88930000
0.66719055,-77.87822000
0.66757202,-69.04012000
0.66795349,-68.68674000
0.66833496,-68.35236000
0.66871643,-68.69483000
0.66909790,-70.94008000
0.66947937,-72.20318000
0.66986084,-77.49909000
0.67024231,-77.87897000
0.67062378,-65.64590000
0.67100525,-61.58539000
0.67138672,-61.99024000
0.67176819,-67.59128000
0.67214966,-69.44880000
0.67253113,-59.21176000
0.67291260,-54.98528000
0.67329407,-53.99846000
0.67367554,-55.96511000
0.67405701,-59.32427000
0.67443848,-63.29624000
0.67481995,-63.14583000
0.67520142,-59.57033000
0.67558289,-57.13569000
0.67596436,-58.30988000
0.67634583,-62.50182000
0.67672729,-56.24379000
0.67710876,-53.72137000
0.67749023,-55.53175000
0.67787170,-60.40948000
0.67825317,-66.86721000
0.67863464,-61.81603000
0.67901611,-57.84682000
0.67939758,-58.16043000
0.67977905,-61.62296000
0.68016052,-64.98185000
0.68054199,-66.19701000
0.68092346,-64.37080000
0.68130493,-63.40747000
0.68168640,-65.18582000
0.68206787,-66.76135000
0.68244934,-66.83707000
0.68283081,-66.84646000
0.68321228,-66.04478000
0.68359375,-61.65477000
0.68397522,-57.80991000
0.68435669,-57.55410000
0.68473816,-60.96312000
0.68511963,-64.49944000
0.68550110,-61.45938000
0.68588257,-55.95793000
0.68626404,-55.18597000
0.68664551,-60.00233000
0.68702698,-72.77778000
0.68740845,-69.10570000
0.68778992,-63.68677000
0.68817139,-64.13248000
0.68855286,-67.20892000
0.68893433,-72.37201000
0.68931580,-77.41456000
0.68969727,-70.14382000
0.69007874,-64.25803000
0.69046021,-61.06418000
0.69084167,-61.09333000
0.69122314,-63.50472000
0.69160461,-62.24297000
0.69198608,-60.78920000
0.69236755,-63.85138000
0.69274902,-72.99809000
0.69313049,-70.10809000
0.69351196,-67.14374000
0.69389343,-64.76254000
0.69427490,-62.78439000
0.69465637,-66.77089000
0.69503784,-75.21570000
0.69541931,-73.12690000
0.69580078,-67.07430000
0.69618225,-63.28745000
0.69656372,-60.21242000
0.69694519,-58.87012000
0.69732666,-61.20361000
0.69770813,-65.25537000
0.69808960,-60.59034000
0.69847107,-59.82919000
0.69885254,-60.30902000
0.69923401,-62.61875000
0.69961548,-67.74701000
0.69999695,-65.79839000
0.70037842,-59.65336000
0.70075989,-56.95301000
0.70114136,-56.20276000
0.70152283,-56.02826000
0.70190430,-56.28006000
0.70228577,-56.17916000
0.70266724,-57.76735000
0.70304871,-62.30466000
0.70343018,-62.33080000
0.70381165,-61.27307000
0.70419312,-60.54560000
0.70457458,-60.46889000
0.70495605,-62.75723000
0.70533752,-61.72627000
0.70571899,-59.55519000
0.70610046,-60.74265000
0.70648193,-65.65659000
0.70686340,-75.24341000
0.70724487,-73.57444000
0.70762634,-70.17394000
0.70800781,-71.01613000
0.70838928,-67.08246000
0.70877075,-65.62522000
0.70915222,-65.52715000
0.70953369,-64.92197000
0.70991516,-62.10897000
0.71029663,-61.82793000
0.71067810,-61.06545000
0.71105957,-60.30326000
0.71144104,-63.08509000
0.71182251,-59.76196000
0.71220398,-56.75177000
0.71258545,-55.88166000
0.71296692,-58.43777000
0.71334839,-68.60254000
0.71372986,-62.00692000
0.71411133,-60.15953000
0.71449280,-66.37581000
0.71487427,-62.89892000
0.71525574,-60.26958000
0.71563721,-63.53227000
0.71601868,-68.37375000
0.71640015,-65.68547000
0.71678162,-63.68877000
0.71716309,-61.95019000
0.71754456,-60.02283000
0.71792603,-58.84290000
0.71830750,-63.27319000
0.71868896,-80.14980000
0.71907043,-72.54165000
0.71945190,-65.43353000
0.71983337,-56.35331000
0.72021484,-54.46494000
0.72059631,-55.76995000
0.72097778,-55.76756000
0.72135925,-55.40571000
0.72174072,-56.48992000
0.72212219,-56.01384000
0.72250366,-55.86284000
0.72288513,-57.31571000
0.72326660,-60.52806000
0.72364807,-60.56884000
0.72402954,-59.38311000
0.72441101,-61.98748000
0.72479248,-68.01307000
0.72517395,-72.59740000
0.72555542,-72.78676000
0.72593689,-68.08270000
0.72631836,-66.00283000
0.72669983,-69.20101000
0.72708130,-63.59182000
0.72746277,-58.99198000
0.72784424,-58.12831000
0.72822571,-58.57673000
0.72860718,-60.62417000
0.72898865,-66.71743000
0.72937012,-67.50842000
0.72975159,-63.32716000
0.73013306,-60.86772000
0.73051453,-59.94125000
0.73089600,-61.48567000
0.73127747,-62.17034000
0.73165894,-57.87209000
0.73204041,-56.15005000
0.73242188,-57.75732000
0.73280334,-62.91328000
0.73318481,-66.37208000
0.73356628,-63.23170000
0.73394775,-60.95490000
0.73432922,-59.55451000
0.73471069,-62.26109000
0.73509216,-74.67142000
0.73547363,-73.79138000
0.73585510,-70.75017000
0.73623657,-63.93875000
0.73661804,-60.63110000
0.73699951,-60.25179000
0.73738098,-64.16101000
0.73776245,-69.96391000
0.73814392,-63.16704000
0.73852539,-61.94353000
0.73890686,-66.52219000
0.73928833,-65.40285000
0.73966980,-59.02644000
0.74005127,-58.77098000
0.74043274,-59.92307000
0.74081421,-60.42069000
0.74119568,-62.10478000
0.74157715,-61.48373000
0.74195862,-60.11900000
0.74234009,-61.12123000
0.74272156,-62.33198000
0.74310303,-60.04945000
0.74348450,-59.66889000
0.74386597,-62.35187000
0.74424744,-64.25879000
0.74462891,-63.52119000
0.74501038,-65.00153000
0.74539185,-69.51371000
0.74577332,-60.71983000
0.74615479,-58.35167000
0.74653625,-60.59235000
0.74691772,-69.11188000
0.74729919,-60.86086000
0.74768066,-56.86909000
0.74806213,-57.09152000
0.74844360,-58.93145000
0.74882507,-61.03429000
0.74920654,-60.72941000
0.74958801,-57.25994000
0.74996948,-57.52800000
0.75035095,-62.46595000
0.75073242,-63.12023000
0.75111389,-59.30114000
0.75149536,-60.39654000
0.75187683,-66.00066000
0.75225830,-72.25063000
0.75263977,-67.40716000
0.75302124,-65.24926000
0.75340271,-68.76570000
0.75378418,-73.87412000
0.75416565,-78.06647000
0.75454712,-78.33931000
0.75492859,-64.49034000
0.75531006,-60.42706000
0.75569153,-62.73259000
0.75607300,-67.71786000
0.75645447,-67.94603000
0.75683594,-67.52642000
0.75721741,-67.02161000
0.75759888,-70.37481000
0.75798035,-68.01078000
0.75836182,-63.10637000
0.75874329,-67.70712000
0.75912476,-77.55032000
0.75950623,-70.16385000
0.75988770,-70.60818000
0.76026917,-64.16774000
0.76065063,-63.29053000
0.76103210,-72.78108000
0.76141357,-70.28057000
0.76179504,-63.46463000
0.76217651,-59.87902000
0.76255798,-60.91716000
0.76293945,-67.34875000
0.76332092,-81.75880000
0.76370239,-65.25269000
0.76408386,-60.32265000
0.76446533,-62.41186000
0.76484680,-66.81837000
0.76522827,-64.42325000
0.76560974,-62.34076000
0.76599121,-60.66229000
0.76637268,-61.29446000
0.76675415,-68.33929000
0.76713562,-63.55592000
0.76751709,-59.81126000
0.76789856,-60.72537000
0.76828003,-63.09008000
0.76866150,-67.12811000
0.76904297,-68.47556000
0.76942444,-64.60433000
0.76980591,-65.35612000
0.77018738,-67.27733000
0.77056885,-66.82734000
0.77095032,-63.50530000
0.77133179,-61.90666000
0.77171326,-62.30899000
0.77209473,-60.62717000
0.77247620,-60.42609000
0.77285767,-61.65631000
0.77323914,-63.84454000
0.77362061,-64.72261000
0.77400208,-71.64753000
0.77438354,-70.22562000
0.77476501,-64.75444000
0.77514648,-63.56831000
0.77552795,-63.66774000
0.77590942,-64.03407000
0.77629089,-60.08135000
0.77667236,-58.33116000
0.77705383,-60.40626000
0.77743530,-67.99828000
0.77781677,-66.99781000
0.77819824,-65.17348000
0.77857971,-62.65881000
0.77896118,-58.09321000
0.77934265,-56.70706000
0.77972412,-57.41063000
0.78010559,-59.77205000
0.78048706,-65.86510000
0.78086853,-67.97128000
0.78125000,-65.55404000
0.78163147,-65.10335000
0.78201294,-66.84335000
0.78239441,-72.13645000
0.78277588,-62.37372000
0.78315735,-64.65181000
0.78353882,-70.79881000
0.78392029,-62.86301000
0.78430176,-66.80898000
0.78468323,-70.86702000
0.78506470,-63.65902000
0.78544617,-61.37012000
0.78582764,-63.76431000
0.78620911,-62.77897000
0.78659058,-57.38662000
0.78697205,-57.09183000
0.78735352,-60.12922000
0.78773499,-62.40551000
0.78811646,-61.54646000
0.78849792,-59.67210000
0.78887939,-62.29139000
0.78926086,-79.59599000
0.78964233,-60.39800000
0.79002380,-59.03671000
0.79040527,-63.13057000
0.79078674,-60.34220000
0.79116821,-58.55756000
0.79154968,-59.89003000
0.79193115,-60.76274000
0.79231262,-62.94677000
0.79269409,-67.33300000
0.79307556,-75.32550000
0.79345703,-67.00291000
0.79383850,-63.01160000
0.79421997,-65.08455000
0.79460144,-73.42768000
0.79498291,-71.69532000
0.79536438,-66.35466000
0.79574585,-65.00774000
0.79612732,-65.16139000
0.79650879,-66.26925000
0.79689026,-70.92406000
0.79727173,-67.61369000
0.79765320,-65.68655000
0.79803467,-76.20396000
0.79841614,-62.96890000
0.79879761,-58.23994000
0.79917908,-58.42655000
0.79956055,-61.84709000
0.79994202,-61.97464000
0.80032349,-59.58137000
0.80070496,-59.69640000
0.80108643,-61.45459000
0.80146790,-65.82762000
0.80184937,-77.53725000
0.80223083,-70.57845000
0.80261230,-67.13273000
0.80299377,-60.01422000
0.80337524,-58.73846000
0.80375671,-61.40944000
0.80413818,-62.06130000
0.80451965,-59.80979000
0.80490112,-60.06843000
0.80528259,-65.87055000
0.80566406,-71.29807000
0.80604553,-65.87109000
0.80642700,-68.46071000
0.80680847,-75.22857000
0.80718994,-85.28868000
0.80757141,-71.51836000
0.80795288,-67.54379000
0.80833435,-65.57491000
0.80871582,-64.27861000
0.80909729,-61.95619000
0.80947876,-62.77573000
0.80986023,-68.63181000
0.81024170,-63.62883000
0.81062317,-62.70741000
0.81100464,-64.07550000
0.81138611,-59.91420000
0.81176758,-56.22968000
0.81214905,-56.09240000
0.81253052,-59.66372000
0.81291199,-62.45660000
0.81329346,-59.11493000
0.81367493,-59.83730000
0.81405640,-64.57084000
0.81443787,-72.76195000
0.81481934,-74.75453000
0.81520081,-67.78044000
0.81558228,-66.63245000
0.81596375,-71.37488000
0.81634521,-79.68571000
0.81672668,-71.23949000
0.81710815,-81.22925000
0.81748962,-68.61714000
0.81787109,-68.60607000
0.81825256,-61.75819000
0.81863403,-59.49219000
0.81901550,-64.73814000
0.81939697,-71.74593000
0.81977844,-60.38368000
0.82015991,-57.45283000
0.82054138,-58.71120000
0.82092285,-63.29936000
0.82130432,-66.01660000
0.82168579,-66.51021000
0.82206726,-66.06204000
0.82244873,-62.79040000
0.82283020,-58.84813000
0.82321167,-58.64318000
0.82359314,-62.24706000
0.82397461,-62.94712000
0.82435608,-59.67942000
0.82473755,-59.80407000
0.82511902,-60.61804000
0.82550049,-58.46030000
0.82588196,-59.15894000
0.82626343,-60.87734000
0.82664490,-59.07956000
0.82702637,-60.66124000
0.82740784,-69.42595000
0.82778931,-67.23373000
0.82817078,-66.45483000
0.82855225,-73.58379000
0.82893372,-71.50407000
0.82931519,-70.71703000
0.82969666,-68.87547000
0.83007813,-73.21518000
0.83045959,-63.15820000
0.83084106,-58.15249000
0.83122253,-57.23129000
0.83160400,-57.82689000
0.83198547,-60.37802000
0.83236694,-63.57616000
0.83274841,-63.36530000
0.83312988,-64.74789000
0.83351135,-67.75243000
0.83389282,-62.38631000
0.83427429,-59.31216000
0.83465576,-60.20702000
0.83503723,-64.33351000
0.83541870,-76.35657000
0.83580017,-65.44016000
0.83618164,-60.69392000
0.83656311,-62.80082000
0.83694458,-69.51640000
0.83732605,-88.22923000
0.83770752,-70.05393000
0.83808899,-65.98586000
0.83847046,-65.95401000
0.83885193,-70.70807000
0.83923340,-63.24900000
0.83961487,-61.69878000
0.83999634,-59.62871000
0.84037781,-57.45947000
0.84075928,-56.89091000
0.84114075,-58.32314000
0.84152222,-63.02484000
0.84190369,-66.73384000
0.84228516,-72.16093000
0.84266663,-65.54537000
0.84304810,-62.06303000
0.84342957,-64.63008000
0.84381104,-69.27629000
0.84419250,-70.44223000
0.84457397,-70.47842000
0.84495544,-64.76744000
0.84533691,-65.17200000
0.84571838,-72.14511000
0.84609985,-70.75163000
0.84648132,-65.02350000
0.84686279,-63.57890000
0.84724426,-63.62598000
0.84762573,-62.40789000
0.84800720,-63.35598000
0.84838867,-66.98035000
0.84877014,-63.67995000
0.84915161,-65.83922000
0.84953308,-74.05221000
0.84991455,-66.34425000
0.85029602,-69.13991000
0.85067749,-67.79900000
0.85105896,-59.05653000
0.85144043,-56.66635000
0.85182190,-56.44611000
0.85220337,-55.95734000
0.85258484,-56.28045000
0.85296631,-59.55375000
0.85334778,-64.95824000
0.85372925,-65.54404000
0.85411072,-65.74061000
0.85449219,-65.72330000
0.85487366,-62.85102000
0.85525513,-64.04890000
0.85563660,-71.63026000
0.85601807,-74.59321000
0.85639954,-67.65007000
0.85678101,-61.52107000
0.85716248,-59.00582000
0.85754395,-57.96680000
0.85792542,-57.21713000
0.85830688,-58.27280000
0.85868835,-61.92642000
0.85906982,-65.55838000
0.85945129,-67.55898000
0.85983276,-70.81384000
0.86021423,-65.71035000
0.86059570,-63.37119000
0.86097717,-61.90910000
0.86135864,-61.60556000
0.86174011,-65.56238000
0.86212158,-71.09617000
0.86250305,-64.34648000
0.86288452,-58.87303000
0.86326599,-57.21590000
0.86364746,-58.22589000
0.86402893,-61.64446000
0.86441040,-64.10415000
0.86479187,-63.35750000
0.86517334,-62.38573000
0.86555481,-64.38190000
0.86593628,-71.51903000
0.86631775,-64.38612000
0.86669922,-61.89442000
0.86708069,-63.21122000
0.86746216,-67.54678000
0.86784363,-63.73020000
0.86822510,-62.47033000
0.86860657,-65.38887000
0.86898804,-65.70712000
0.86936951,-70.32831000
0.86975098,-71.57233000
0.87013245,-74.54864000
0.87051392,-63.56853000
0.87089539,-59.81652000
0.87127686,-58.15928000
0.87165833,-57.65873000
0.87203979,-59.01193000
0.87242126,-60.03839000
0.87280273,-61.82096000
0.87318420,-60.84076000
0.87356567,-58.13499000
0.87394714,-58.79273000
0.87432861,-60.19330000
0.87471008,-63.09563000
0.87509155,-87.50243000
0.87547302,-60.24867000
0.87585449,-56.45026000
0.87623596,-56.73118000
0.87661743,-59.31346000
0.87699890,-63.54452000
0.87738037,-64.83160000
0.87776184,-61.58412000
0.87814331,-58.49118000
0.87852478,-57.74233000
0.87890625,-59.94787000
0.87928772,-64.32542000
0.87966919,-69.69278000
0.88005066,-65.10402000
0.88043213,-66.19681000
0.88081360,-86.34634000
0.88119507,-68.77055000
0.88157654,-69.08618000
0.88195801,-66.71080000
0.88233948,-62.50523000
0.88272095,-59.97340000
0.88310242,-63.07789000
0.88348389,-68.15326000
0.88386536,-62.86835000
0.88424683,-60.02523000
0.88462830,-58.74681000
0.88500977,-58.45028000
0.88539124,-59.25187000
0.88577271,-63.76398000
0.88615417,-72.26128000
0.88653564,-66.97427000
0.88691711,-66.35156000
0.88729858,-71.39851000
0.88768005,-68.41907000
0.88806152,-65.63399000
0.88844299,-63.91609000
0.88882446,-60.70003000
0.88920593,-60.68057000
0.88958740,-60.26635000
0.88996887,-57.45575000
0.89035034,-59.60684000
0.89073181,-67.52582000
0.89111328,-68.95985000
0.89149475,-66.62710000
0.89187622,-72.04552000
0.89225769,-76.44431000
0.89263916,-68.96350000
0.89302063,-62.82463000
0.89340210,-61.52710000
0.89378357,-62.22527000
0.89416504,-62.82932000
0.89454651,-64.80402000
0.89492798,-66.62222000
0.89530945,-65.86668000
0.89569092,-65.88425000
0.89607239,-71.58272000
0.89645386,-80.70965000
0.89683533,-67.14690000
0.89721680,-71.14824000
0.89759827,-65.62585000
0.89797974,-60.37165000
0.89836121,-65.18283000
0.89874268,-67.53594000
0.89912415,-60.64051000
0.89950562,-61.31952000
0.89988708,-59.33510000
0.90026855,-58.04242000
0.90065002,-62.88985000
0.90103149,-66.15381000
0.90141296,-61.09290000
0.90179443,-59.51255000
0.90217590,-61.22654000
0.90255737,-69.94668000
0.90293884,-67.05685000
0.90332031,-62.01305000
0.90370178,-61.37867000
0.90408325,-61.79131000
0.90446472,-62.16832000
0.90484619,-64.60221000
0.90522766,-85.40427000
0.90560913,-62.85950000
0.90599060,-57.58946000
0.90637207,-55.87059000
0.90675354,-55.63808000
0.90713501,-57.76798000
0.90751648,-63.20221000
0.90789795,-61.12250000
0.90827942,-60.33701000
0.90866089,-60.84414000
0.90904236,-60.86330000
0.90942383,-70.96661000
0.90980530,-60.18883000
0.91018677,-57.26738000
0.91056824,-63.15731000
0.91094971,-70.87630000
0.91133118,-60.72807000
0.91171265,-60.02332000
0.91209412,-64.56303000
0.91247559,-63.69172000
0.91285706,-65.35466000
0.91323853,-63.32085000
0.91362000,-61.21427000
0.91400146,-62.45327000
0.91438293,-61.65764000
0.91476440,-61.13057000
0.91514587,-62.06844000
0.91552734,-69.97903000
0.91590881,-63.06247000
0.91629028,-56.69078000
0.91667175,-56.23367000
0.91705322,-57.98820000
0.91743469,-60.07377000
0.91781616,-61.08935000
0.91819763,-57.94315000
0.91857910,-56.18170000
0.91896057,-58.19503000
0.91934204,-67.19169000
0.91972351,-64.30947000
0.92010498,-60.54564000
0.92048645,-63.11890000
0.92086792,-73.04948000
0.92124939,-67.46426000
0.92163086,-60.23164000
0.92201233,-59.78642000
0.92239380,-65.18159000
0.92277527,-63.21204000
0.92315674,-58.48328000
0.92353821,-57.80898000
0.92391968,-59.65526000
0.92430115,-61.51591000
0.92468262,-58.20046000
0.92506409,-55.46460000
0.92544556,-54.90888000
0.92582703,-56.30244000
0.92620850,-62.10345000
0.92658997,-75.63233000
0.92697144,-65.43822000
0.92735291,-75.79980000
0.92773438,-62.95576000
0.92811584,-59.22545000
0.92849731,-60.73489000
0.92887878,-62.97427000
0.92926025,-63.52406000
0.92964172,-64.83942000
0.93002319,-63.08990000
0.93040466,-59.59174000
0.93078613,-58.43324000
0.93116760,-59.55058000
0.93154907,-64.76366000
0.93193054,-63.10556000
0.93231201,-58.12569000
0.93269348,-57.81822000
0.93307495,-60.12766000
0.93345642,-60.02260000
0.93383789,-58.53765000
0.93421936,-58.09566000
0.93460083,-58.51746000
0.93498230,-59.90856000
0.93536377,-59.75426000
0.93574524,-58.48227000
0.93612671,-60.69117000
0.93650818,-67.54321000
0.93688965,-70.65876000
0.93727112,-66.65680000
0.93765259,-66.39007000
0.93803406,-71.24619000
0.93841553,-72.60898000
0.93879700,-60.18543000
0.93917847,-54.63838000
0.93955994,-51.89869000
0.93994141,-51.76600000
0.94032288,-54.11868000
0.94070435,-56.40229000
0.94108582,-61.13437000
0.94146729,-71.38333000
0.94184875,-65.96687000
0.94223022,-63.34656000
0.94261169,-60.36888000
0.94299316,-61.16844000
0.94337463,-58.22643000
0.94375610,-55.51313000
0.94413757,-55.31625000
0.94451904,-56.22723000
0.94490051,-56.98956000
0.94528198,-58.71085000
0.94566345,-61.08234000
0.94604492,-62.95444000
0.94642639,-64.85104000
0.94680786,-62.55491000
0.94718933,-59.55722000
0.94757080,-58.52549000
0.94795227,-58.31623000
0.94833374,-58.60145000
0.94871521,-60.56310000
0.94909668,-65.91122000
0.94947815,-75.16747000
0.94985962,-73.49255000
0.95024109,-68.95783000
0.95062256,-64.17133000
0.95100403,-65.13333000
0.95138550,-74.81576000
0.95176697,-68.05828000
0.95214844,-62.82067000
0.95252991,-61.80179000
0.95291138,-63.70945000
0.95329285,-60.97260000
0.95367432,-59.95504000
0.95405579,-60.81945000
0.95443726,-62.11880000
0.95481873,-63.13038000
0.95520020,-61.28149000
0.95558167,-59.61945000
0.95596313,-59.95198000
0.95634460,-60.67556000
0.95672607,-59.97616000
0.95710754,-58.57537000
0.95748901,-58.30785000
0.95787048,-62.11349000
0.95825195,-73.90384000
0.95863342,-66.85767000
0.95901489,-63.75029000
0.95939636,-60.75631000
0.95977783,-60.15141000
0.96015930,-64.85490000
0.96054077,-69.77016000
0.96092224,-63.17661000
0.96130371,-59.33109000
0.96168518,-60.31192000
0.96206665,-64.94720000
0.96244812,-68.34222000
0.96282959,-60.23587000
0.96321106,-56.23615000
0.96359253,-55.24422000
0.96397400,-57.99810000
0.96435547,-65.52586000
0.96473694,-75.18953000
0.96511841,-66.42786000
0.96549988,-58.55397000
0.96588135,-56.03888000
0.96626282,-56.62907000
0.96664429,-60.00323000
0.96702576,-68.30847000
0.96740723,-68.97118000
0.96778870,-66.76486000
0.96817017,-68.38853000
0.96855164,-71.68075000
0.96893311,-66.11194000
0.96931458,-60.28752000
0.96969604,-56.62172000
0.97007751,-56.57782000
0.97045898,-62.69476000
0.97084045,-61.63148000
0.97122192,-59.19097000
0.97160339,-67.01718000
0.97198486,-67.94427000
0.97236633,-64.23608000
0.97274780,-62.80699000
0.97312927,-63.07551000
0.97351074,-73.81865000
0.97389221,-63.91216000
0.97427368,-62.18485000
0.97465515,-66.42346000
0.97503662,-69.78292000
0.97541809,-66.52782000
0.97579956,-66.14534000
0.97618103,-68.20093000
0.97656250,-63.47475000
0.97694397,-59.78632000
0.97732544,-58.33450000
0.97770691,-59.84023000
0.97808838,-66.05279000
0.97846985,-70.57229000
0.97885132,-66.03244000
0.97923279,-64.29776000
0.97961426,-61.49545000
0.97999573,-60.27867000
0.98037720,-60.69817000
0.98075867,-63.00640000
0.98114014,-65.53773000
0.98152161,-68.49644000
0.98190308,-68.17928000
0.98228455,-60.57820000
0.98266602,-57.43723000
0.98304749,-57.24978000
0.98342896,-58.70148000
0.98381042,-59.93949000
0.98419189,-63.63821000
0.98457336,-71.44849000
0.98495483,-64.57486000
0.98533630,-64.68738000
0.98571777,-61.98641000
0.98609924,-61.25452000
0.98648071,-63.01980000
0.98686218,-62.78585000
0.98724365,-62.18552000
0.98762512,-68.95071000
0.98800659,-67.62868000
0.98838806,-60.18775000
0.98876953,-59.78087000
0.98915100,-62.25621000
0.98953247,-58.66993000
0.98991394,-57.81519000
0.99029541,-59.60456000
0.99067688,-63.09829000
0.99105835,-75.48155000
0.99143982,-67.78382000
0.99182129,-65.52582000
0.99220276,-65.80498000
0.99258423,-57.23848000
0.99296570,-54.60675000
0.99334717,-56.50848000
0.99372864,-59.92027000
0.99411011,-58.36514000
0.99449158,-56.11071000
0.99487305,-57.03287000
0.99525452,-62.89147000
0.99563599,-72.98032000
0.99601746,-62.74384000
0.99639893,-62.41435000
0.99678040,-68.49741000
0.99716187,-66.47910000
0.99754333,-59.04035000
0.99792480,-60.81894000
0.99830627,-67.32701000
0.99868774,-61.20541000
0.99906921,-68.70205000
0.99945068,-59.72809000
0.99983215,-57.06268000
1.00021362,-60.04974000
1.00059509,-63.17902000
1.00097656,-60.41883000
1.00135803,-58.85442000
1.00173950,-59.85178000
1.00212097,-57.45193000
1.00250244,-54.73160000
1.00288391,-53.86119000
1.00326538,-54.32616000
1.00364685,-57.15435000
1.00402832,-64.23384000
1.00440979,-65.27736000
1.00479126,-64.09088000
1.00517273,-74.32903000
1.00555420,-64.14738000
1.00593567,-63.61435000
1.00631714,-65.03413000
1.00669861,-60.08850000
1.00708008,-59.37941000
1.00746155,-62.34119000
1.00784302,-65.99803000
1.00822449,-64.45013000
1.00860596,-64.17410000
1.00898743,-67.09426000
1.00936890,-76.33344000
1.00975037,-64.34581000
1.01013184,-59.85539000
1.01051331,-58.39928000
1.01089478,-58.53539000
1.01127625,-62.25181000
1.01165771,-72.73095000
1.01203918,-87.82104000
1.01242065,-76.72395000
1.01280212,-68.34298000
1.01318359,-66.20869000
1.01356506,-69.03344000
1.01394653,-75.24505000
1.01432800,-61.90557000
1.01470947,-57.66835000
1.01509094,-55.82796000
1.01547241,-55.91709000
1.01585388,-58.14926000
1.01623535,-60.77526000
1.01661682,-61.42950000
1.01699829,-61.39775000
1.01737976,-61.01227000
1.01776123,-61.44286000
1.01814270,-64.92477000
1.01852417,-76.36305000
1.01890564,-63.67196000
1.01928711,-57.07744000
1.01966858,-56.07185000
1.02005005,-58.30797000
1.02043152,-59.71595000
1.02081299,-58.24846000
1.02119446,-58.01658000
1.02157593,-62.43924000
1.02195740,-75.16827000
1.02233887,-70.89671000
1.02272034,-65.03010000
1.02310181,-64.38328000
1.02348328,-70.25085000
1.02386475,-83.09044000
1.02424622,-63.36974000
1.02462769,-59.69933000
1.02500916,-62.74009000
1.02539063,-75.39130000
1.02577209,-72.01122000
1.02615356,-66.94040000
1.02653503,-67.20920000
1.02691650,-70.39647000
1.02729797,-68.73599000
1.02767944,-69.56178000
1.02806091,-71.76823000
1.02844238,-60.82664000
1.02882385,-58.65578000
1.02920532,-61.31989000
1.02958679,-67.58687000
1.02996826,-67.68390000
1.03034973,-61.28902000
1.03073120,-60.93731000
1.03111267,-63.33649000
1.03149414,-63.51978000
1.03187561,-61.41785000
1.03225708,-65.42042000
1.03263855,-68.85570000
1.03302002,-63.51042000
1.03340149,-64.46758000
1.03378296,-64.98019000
1.03416443,-63.30917000
1.03454590,-63.72936000
1.03492737,-65.43759000
1.03530884,-63.44961000
1.03569031,-60.54872000
1.03607178,-60.81693000
1.03645325,-65.55008000
1.03683472,-69.84274000
1.03721619,-61.53948000
1.03759766,-61.60193000
1.03797913,-62.92670000
1.03836060,-59.66301000
1.03874207,-57.82370000
1.03912354,-59.80369000
1.03950500,-64.17944000
1.03988647,-62.65266000
1.04026794,-62.19952000
1.04064941,-64.92085000
1.04103088,-62.28533000
1.04141235,-61.73467000
1.04179382,-61.84956000
1.04217529,-60.08356000
1.04255676,-58.93881000
1.04293823,-60.71258000
1.04331970,-62.11850000
1.04370117,-63.19992000
1.04408264,-79.27299000
1.04446411,-64.14039000
1.04484558,-62.16532000
1.04522705,-72.83375000
1.04560852,-73.46744000
1.04598999,-64.37278000
1.04637146,-57.49916000
1.04675293,-57.21407000
1.04713440,-60.49850000
1.04751587,-62.49239000
1.04789734,-65.85004000
1.04827881,-61.98968000
1.04866028,-65.62979000
1.04904175,-70.43967000
1.04942322,-62.02251000
1.04980469,-59.26424000
1.05018616,-60.01999000
1.05056763,-61.37614000
1.05094910,-60.76102000
1.05133057,-61.07973000
1.05171204,-62.45808000
1.05209351,-65.04045000
1.05247498,-66.59972000
1.05285645,-71.63162000
1.05323792,-69.53820000
1.05361938,-64.00725000
1.05400085,-66.61326000
1.05438232,-66.88086000
1.05476379,-59.09422000
1.05514526,-57.35847000
1.05552673,-59.46099000
1.05590820,-64.90894000
1.05628967,-75.02036000
1.05667114,-70.70279000
1.05705261,-67.42764000
1.05743408,-64.77180000
1.05781555,-63.66914000
1.05819702,-70.91788000
1.05857849,-64.98453000
1.05895996,-59.31455000
1.05934143,-58.51057000
1.05972290,-58.46544000
1.06010437,-57.80755000
1.06048584,-57.54071000
1.06086731,-59.32882000
1.06124878,-63.17464000
1.06163025,-63.86039000
1.06201172,-59.49606000
1.06239319,-58.18852000
1.06277466,-61.48030000
1.06315613,-67.09100000
1.06353760,-64.80756000
1.06391907,-60.39088000
1.06430054,-59.54676000
1.06468201,-61.73554000
1.06506348,-65.73557000
1.06544495,-65.94023000
1.06582642,-62.18408000
1.06620789,-60.00455000
1.06658936,-60.84406000
1.06697083,-64.18985000
1.06735229,-70.38962000
1.06773376,-68.82285000
1.06811523,-63.89919000
1.06849670,-59.98080000
1.06887817,-58.94527000
1.06925964,-61.15841000
1.06964111,-63.68799000
1.07002258,-63.66797000
1.07040405,-63.79473000
1.07078552,-68.26924000
1.07116699,-61.45233000
1.07154846,-55.53499000
1.07192993,-54.45099000
1.07231140,-55.68447000
1.07269287,-57.60978000
1.07307434,-58.88212000
1.07345581,-59.22120000
1.07383728,-59.54318000
1.07421875,-58.17321000
1.07460022,-58.38033000
1.07498169,-62.05922000
1.07536316,-70.75881000
1.07574463,-74.99549000
1.07612610,-68.46168000
1.07650757,-67.75357000
1.07688904,-72.72399000
1.07727051,-78.81158000
1.07765198,-65.70140000
1.07803345,-60.67757000
1.07841492,-61.53141000
1.07879639,-64.75854000
1.07917786,-61.77663000
1.07955933,-62.03342000
1.07994080,-69.96115000
1.08032227,-63.97408000
1.08070374,-58.58068000
1.08108521,-56.69186000
1.08146667,-55.89589000
1.08184814,-55.41314000
1.08222961,-55.03277000
1.08261108,-55.49299000
1.08299255,-57.50389000
1.08337402,-61.34340000
1.08375549,-69.10978000
1.08413696,-69.09886000
1.08451843,-65.41998000
1.08489990,-63.85992000
1.08528137,-60.48148000
1.08566284,-59.00189000
1.08604431,-60.44422000
1.08642578,-65.83306000
1.08680725,-70.80483000
1.08718872,-65.22984000
1.08757019,-62.72918000
1.08795166,-63.72760000
1.08833313,-69.18727000
1.08871460,-79.55202000
1.08909607,-68.86506000
1.08947754,-66.79340000
1.08985901,-68.98862000
1.09024048,-64.82800000
1.09062195,-62.42791000
1.09100342,-58.94455000
1.09138489,-56.71605000
1.09176636,-57.29173000
1.09214783,-59.30831000
1.09252930,-62.56528000
1.09291077,-67.86497000
1.09329224,-67.46676000
1.09367371,-61.37402000
1.09405518,-57.63297000
1.09443665,-57.72561000
1.09481812,-63.17748000
1.09519958,-78.36430000
1.09558105,-64.19984000
1.09596252,-61.26017000
1.09634399,-61.35801000
1.09672546,-61.51151000
1.09710693,-62.65029000
1.09748840,-63.14271000
1.09786987,-66.20324000
1.09825134,-67.02582000
1.09863281,-63.20443000
1.09901428,-63.58571000
1.09939575,-64.65765000
1.09977722,-64.41001000
1.10015869,-62.48615000
1.10054016,-61.90856000
1.10092163,-61.45050000
1.10130310,-59.03822000
1.10168457,-58.87887000
1.10206604,-62.85928000
1.10244751,-72.22822000
1.10282898,-65.79676000
1.10321045,-60.47901000
1.10359192,-58.59525000
1.10397339,-60.08282000
1.10435486,-63.72882000
1.10473633,-65.52261000
1.10511780,-64.69939000
1.10549927,-64.19957000
1.10588074,-60.86902000
1.10626221,-60.19650000
1.10664368,-65.61205000
1.10702515,-72.64155000
1.10740662,-68.22789000
1.10778809,-70.95822000
1.10816956,-71.76424000
1.10855103,-67.98893000
1.10893250,-66.12890000
1.10931396,-66.72507000
1.10969543,-66.57234000
1.11007690,-67.04141000
1.11045837,-66.81247000
1.11083984,-74.54362000
1.11122131,-66.80090000
1.11160278,-62.35238000
1.11198425,-63.38642000
1.11236572,-64.57928000
1.11274719,-74.86410000
1.11312866,-65.82114000
1.11351013,-61.39016000
1.11389160,-61.42651000
1.11427307,-61.95151000
1.11465454,-60.48707000
1.11503601,-56.57026000
1.11541748,-54.32827000
1.11579895,-54.97614000
1.11618042,-57.44463000
1.11656189,-61.14771000
1.11694336,-67.56415000
1.11732483,-63.31928000
1.11770630,-59.53888000
1.11808777,-57.42101000
1.11846924,-56.45033000
1.11885071,-56.53631000
1.11923218,-58.67458000
1.11961365,-66.29417000
1.11999512,-65.60432000
1.12037659,-62.40388000
1.12075806,-68.23450000
1.12113953,-66.65106000
1.12152100,-62.60785000
1.12190247,-62.68942000
1.12228394,-61.97743000
1.12266541,-60.80752000
1.12304688,-61.37855000
1.12342834,-63.08455000
1.12380981,-64.68559000
1.12419128,-68.02260000
1.12457275,-73.34492000
1.12495422,-65.29672000
1.12533569,-61.52565000
1.12571716,-62.82516000
1.12609863,-64.56914000
1.12648010,-59.68195000
1.12686157,-57.01433000
1.12724304,-58.05893000
1.12762451,-63.60726000
1.12800598,-61.97971000
1.12838745,-59.43628000
1.12876892,-62.15206000
1.12915039,-68.77578000
1.12953186,-67.18649000
1.12991333,-64.97369000
1.13029480,-63.00274000
1.13067627,-63.34560000
1.13105774,-64.71204000
1.13143921,-68.69650000
1.13182068,-71.07852000
1.13220215,-61.88103000
1.13258362,-60.12267000
1.13296509,-59.75036000
1.13334656,-60.63092000
1.13372803,-61.68539000
1.13410950,-62.45242000
1.13449097,-68.23440000
1.13487244,-75.13244000
1.13525391,-68.82066000
1.13563538,-61.75888000
1.13601685,-58.06215000
1.13639832,-58.29610000
1.13677979,-61.79223000
1.13716125,-68.37408000
1.13754272,-71.23987000
1.13792419,-72.44526000
1.13830566,-80.40895000
1.13868713,-73.51077000
1.13906860,-74.11787000
1.13945007,-82.37328000
1.13983154,-71.90811000
1.14021301,-62.86952000
1.14059448,-59.87980000
1.14097595,-60.29472000
1.14135742,-63.94564000
1.14173889,-70.27113000
1.14212036,-68.32046000
1.14250183,-71.68958000
1.14288330,-73.64159000
1.14326477,-62.80150000
1.14364624,-58.16747000
1.14402771,-56.84193000
1.14440918,-58.32512000
1.14479065,-62.47084000
1.14517212,-65.83291000
1.14555359,-63.90893000
1.14593506,-63.67082000
1.14631653,-64.03314000
1.14669800,-62.58416000
1.14707947,-61.67295000
1.14746094,-62.32270000
1.14784241,-67.00673000
1.14822388,-76.17731000
1.14860535,-64.51778000
1.14898682,-64.16906000
1.14936829,-66.78271000
1.14974976,-67.17181000
1.15013123,-66.42330000
1.15051270,-62.83251000
1.15089417,-62.28722000
1.15127563,-61.01757000
1.15165710,-62.23252000
1.15203857,-66.59713000
1.15242004,-60.23631000
1.15280151,-58.99131000
1.15318298,-63.30362000
1.15356445,-71.70491000
1.15394592,-71.63821000
1.15432739,-65.01756000
1.15470886,-60.21606000
1.15509033,-57.45139000
1.15547180,-56.29540000
1.15585327,-57.89268000
1.15623474,-65.01700000
1.15661621,-73.08461000
1.15699768,-63.09671000
1.15737915,-61.04059000
1.15776062,-61.30413000
1.15814209,-62.42783000
1.15852356,-66.42036000
1.15890503,-67.74228000
1.15928650,-65.56761000
1.15966797,-68.01991000
1.16004944,-71.82137000
1.16043091,-75.01616000
1.16081238,-62.89021000
1.16119385,-57.29225000
1.16157532,-53.66245000
1.16195679,-52.95520000
1.16233826,-54.94720000
1.16271973,-58.41151000
1.16310120,-59.30777000
1.16348267,-55.66448000
1.16386414,-53.34879000
1.16424561,-54.49474000
1.16462708,-58.09101000
1.16500854,-58.29421000
1.16539001,-60.55211000
1.16577148,-63.96808000
1.16615295,-67.10175000
1.16653442,-70.10080000
1.16691589,-67.21010000
1.16729736,-66.19947000
1.16767883,-65.58341000
1.16806030,-66.22433000
1.16844177,-66.85784000
1.16882324,-68.75996000
1.16920471,-77.11932000
1.16958618,-65.06142000
1.16996765,-61.96733000
1.17034912,-58.77059000
1.17073059,-58.28210000
1.17111206,-59.53944000
1.17149353,-59.54200000
1.17187500,-58.94221000
1.17225647,-57.76143000
1.17263794,-57.43079000
1.17301941,-59.86353000
1.17340088,-60.98599000
1.17378235,-54.97860000
1.17416382,-53.11289000
1.17454529,-54.15509000
1.17492676,-56.18512000
1.17530823,-58.55848000
1.17568970,-60.81752000
1.17607117,-63.13521000
1.17645264,-67.35976000
1.17683411,-68.87653000
1.17721558,-60.93435000
1.17759705,-57.94805000
1.17797852,-59.04104000
1.17835999,-63.30808000
1.17874146,-67.93020000
1.17912292,-64.73224000
1.17950439,-62.13483000
1.17988586,-60.47138000
1.18026733,-59.42408000
1.18064880,-59.09624000
1.18103027,-60.19587000
1.18141174,-60.63837000
1.18179321,-59.55603000
1.18217468,-59.95736000
1.18255615,-62.85387000
1.18293762,-67.57671000
1.18331909,-73.20402000
1.18370056,-71.23705000
1.18408203,-62.80812000
1.18446350,-64.57236000
1.18484497,-74.90001000
1.18522644,-69.84738000
1.18560791,-65.77100000
1.18598938,-60.53738000
1.18637085,-61.71572000
1.18675232,-67.14859000
1.18713379,-60.46653000
1.18751526,-59.43069000
1.18789673,-61.60835000
1.18827820,-61.20171000
1.18865967,-60.42714000
1.18904114,-62.04510000
1.18942261,-61.70426000
1.18980408,-60.19609000
1.19018555,-62.80229000
1.19056702,-82.41383000
1.19094849,-62.47580000
1.19132996,-61.04121000
1.19171143,-65.07426000
1.19209290,-69.30077000
1.19247437,-65.54581000
1.19285583,-63.19057000
1.19323730,-63.72025000
1.19361877,-61.28510000
1.19400024,-59.18610000
1.19438171,-59.24445000
1.19476318,-59.36888000
1.19514465,-59.52023000
1.19552612,-59.97883000
1.19590759,-60.36401000
1.19628906,-61.35888000
1.19667053,-62.88458000
1.19705200,-64.32338000
1.19743347,-64.72893000
1.19781494,-70.53407000
1.19819641,-67.95003000
1.19857788,-60.82363000
1.19895935,-58.23550000
1.19934082,-58.37745000
1.19972229,-62.08437000
1.20010376,-60.63549000
1.20048523,-57.93081000
1.20086670,-57.12665000
1.20124817,-56.97586000
1.20162964,-57.17183000
1.20201111,-57.90709000
1.20239258,-57.82843000
1.20277405,-57.69104000
1.20315552,-57.57965000
1.20353699,-59.49952000
1.20391846,-62.51027000
1.20429993,-61.57123000
1.20468140,-67.57239000
1.20506287,-79.19158000
1.20544434,-74.86638000
1.20582581,-72.21023000
1.20620728,-69.23336000
1.20658875,-70.82127000
1.20697021,-61.41433000
1.20735168,-59.31505000
1.20773315,-62.25871000
1.20811462,-61.44260000
1.20849609,-56.72298000
1.20887756,-54.36447000
1.20925903,-54.60874000
1.20964050,-57.56095000
1.21002197,-66.18084000
1.21040344,-72.61620000
1.21078491,-63.30343000
1.21116638,-61.31736000
1.21154785,-62.07661000
1.21192932,-60.73629000
1.21231079,-61.03709000
1.21269226,-67.40244000
1.21307373,-71.56231000
1.21345520,-69.85426000
1.21383667,-64.95129000
1.21421814,-60.63508000
1.21459961,-62.65532000
1.21498108,-68.36633000
1.21536255,-63.95457000
1.21574402,-63.81389000
1.21612549,-69.43158000
1.21650696,-68.40292000
1.21688843,-62.90052000
1.21726990,-64.61583000
1.21765137,-70.59731000
1.21803284,-65.02888000
1.21841431,-62.38869000
1.21879578,-64.28949000
1.21917725,-62.87277000
1.21955872,-58.92352000
1.21994019,-57.48339000
1.22032166,-57.21454000
1.22070313,-56.13334000
1.22108459,-55.65534000
1.22146606,-55.87952000
1.22184753,-58.07658000
1.22222900,-62.88939000
1.22261047,-62.72012000
1.22299194,-62.55995000
1.22337341,-62.85396000
1.22375488,-61.86555000
1.22413635,-62.61612000
1.22451782,-65.37578000
1.22489929,-69.62283000
1.22528076,-81.55079000
1.22566223,-65.85427000
1.22604370,-58.84932000
1.22642517,-55.68668000
1.22680664,-55.45730000
1.22718811,-56.57030000
1.22756958,-57.01673000
1.22795105,-56.46664000
1.22833252,-55.95959000
1.22871399,-57.42741000
1.22909546,-60.41294000
1.22947693,-65.69715000
1.22985840,-73.57716000
1.23023987,-65.08218000
1.23062134,-66.10559000
1.23100281,-75.17386000
1.23138428,-66.63194000
1.23176575,-59.37815000
1.23214722,-57.32735000
1.23252869,-59.39291000
1.23291016,-68.08059000
1.23329163,-68.28316000
1.23367310,-69.14487000
1.23405457,-76.46889000
1.23443604,-99.56692000
1.23481750,-65.07285000
1.23519897,-59.07478000
1.23558044,-57.50444000
1.23596191,-58.95268000
1.23634338,-63.53792000
1.23672485,-69.08572000
1.23710632,-64.28132000
1.23748779,-61.52615000
1.23786926,-63.37106000
1.23825073,-63.25124000
1.23863220,-61.98057000
1.23901367,-68.40434000
1.23939514,-66.62289000
1.23977661,-61.79517000
1.24015808,-58.45125000
1.24053955,-57.08280000
1.24092102,-61.20391000
1.24130249,-80.97099000
1.24168396,-61.39822000
1.24206543,-58.99563000
1.24244690,-62.85331000
1.24282837,-72.01522000
1.24320984,-64.38058000
1.24359131,-63.30656000
1.24397278,-62.62703000
1.24435425,-60.03126000
1.24473572,-60.41392000
1.24511719,-64.11696000
1.24549866,-72.25697000
1.24588013,-69.48882000
1.24626160,-61.49878000
1.24664307,-57.77415000
1.24702454,-57.24864000
1.24740601,-59.65715000
1.24778748,-62.02496000
1.24816895,-59.45251000
1.24855042,-58.58353000
1.24893188,-59.79999000
1.24931335,-60.32027000
1.24969482,-60.40449000
1.25007629,-61.39134000
1.25045776,-67.61081000
1.25083923,-70.39793000
1.25122070,-66.23019000
1.25160217,-68.23008000
1.25198364,-63.70722000
1.25236511,-62.05569000
1.25274658,-65.40798000
1.25312805,-66.82668000
1.25350952,-61.92841000
1.25389099,-60.37314000
1.25427246,-61.76572000
1.25465393,-67.40131000
1.25503540,-68.14528000
1.25541687,-70.06975000
1.25579834,-70.74991000
1.25617981,-67.04634000
1.25656128,-69.19080000
1.25694275,-70.51903000
1.25732422,-63.88385000
1.25770569,-61.40363000
1.25808716,-64.39014000
1.25846863,-70.93001000
1.25885010,-70.77142000
1.25923157,-69.74246000
1.25961304,-66.10156000
1.25999451,-66.76524000
1.26037598,-74.01705000
1.26075745,-71.95594000
1.26113892,-60.94169000
1.26152039,-55.83690000
1.26190186,-54.75850000
1.26228333,-56.18423000
1.26266479,-58.36421000
1.26304626,-60.37095000
1.26342773,-62.51393000
1.26380920,-63.58746000
1.26419067,-67.47321000
1.26457214,-74.10755000
1.26495361,-71.91295000
1.26533508,-63.96955000
1.26571655,-64.38355000
1.26609802,-68.43243000
1.26647949,-66.38190000
1.26686096,-70.61095000
1.26724243,-58.33731000
1.26762390,-57.76542000
1.26800537,-61.87867000
1.26838684,-71.30122000
1.26876831,-71.74548000
1.26914978,-67.02296000
1.26953125,-64.42410000
1.26991272,-63.98927000
1.27029419,-65.31735000
1.27067566,-67.37563000
1.27105713,-62.83964000
1.27143860,-58.93447000
1.27182007,-58.77444000
1.27220154,-60.62849000
1.27258301,-61.72089000
1.27296448,-63.77250000
1.27334595,-68.79991000
1.27372742,-61.50961000
1.27410889,-59.16821000
1.27449036,-61.84542000
1.27487183,-74.52324000
1.27525330,-66.74658000
1.27563477,-66.91862000
1.27601624,-87.61451000
1.27639771,-64.70216000
1.27677917,-63.06647000
1.27716064,-66.90294000
1.27754211,-65.69615000
1.27792358,-64.21786000
1.27830505,-59.36643000
1.27868652,-60.98487000
1.27906799,-73.02953000
1.27944946,-73.90477000
1.27983093,-69.89651000
1.28021240,-61.33421000
1.28059387,-60.55015000
1.28097534,-61.43260000
1.28135681,-59.50891000
1.28173828,-58.88847000
1.28211975,-63.55866000
1.28250122,-76.30037000
1.28288269,-67.97957000
1.28326416,-62.16831000
1.28364563,-57.17326000
1.28402710,-56.31396000
1.28440857,-62.10247000
1.28479004,-71.78046000
1.28517151,-61.79367000
1.28555298,-61.94490000
1.28593445,-65.15121000
1.28631592,-69.25510000
1.28669739,-68.86413000
1.28707886,-66.89009000
1.28746033,-64.63119000
1.28784180,-65.09712000
1.28822327,-66.69553000
1.28860474,-66.31419000
1.28898621,-68.48551000
1.28936768,-73.45636000
1.28974915,-70.96456000
1.29013062,-74.37770000
1.29051208,-64.77559000
1.29089355,-60.61029000
1.29127502,-62.01918000
1.29165649,-67.78600000
1.29203796,-69.95718000
1.29241943,-62.80523000
1.29280090,-58.93786000
1.29318237,-58.56511000
1.29356384,-61.67330000
1.29394531,-71.46352000
1.29432678,-66.75345000
1.29470825,-61.03882000
1.29508972,-59.99905000
1.29547119,-61.41165000
1.29585266,-63.19872000
1.29623413,-62.91809000
1.29661560,-63.75037000
1.29699707,-61.56861000
1.29737854,-59.27074000
1.29776001,-59.67867000
1.29814148,-59.19324000
1.29852295,-61.70205000
1.29890442,-67.00317000
1.29928589,-66.55897000
1.29966736,-68.52138000
1.30004883,-67.10512000
1.30043030,-67.71872000
1.30081177,-66.63144000
1.30119324,-59.44603000
1.30157471,-58.53214000
1.30195618,-63.98192000
1.30233765,-76.47959000
1.30271912,-65.34860000
1.30310059,-71.30322000
1.30348206,-66.22642000
1.30386353,-61.66170000
1.30424500,-61.05773000
1.30462646,-57.51662000
1.30500793,-57.51012000
1.30538940,-64.55502000
1.30577087,-64.96275000
1.30615234,-60.21766000
1.30653381,-60.03887000
1.30691528,-60.01814000
1.30729675,-58.25208000
1.30767822,-56.13721000
1.30805969,-55.83477000
1.30844116,-59.64305000
1.30882263,-68.30972000
1.30920410,-68.99957000
1.30958557,-67.55470000
1.30996704,-59.30597000
1.31034851,-60.46980000
1.31072998,-66.42969000
1.31111145,-65.86526000
1.31149292,-69.37035000
1.31187439,-66.42223000
1.31225586,-66.63554000
1.31263733,-68.68470000
1.31301880,-64.46830000
1.31340027,-63.53522000
1.31378174,-67.54866000
1.31416321,-70.96280000
1.31454468,-64.84393000
1.31492615,-59.38641000
1.31530762,-58.55634000
1.31568909,-60.80213000
1.31607056,-61.92611000
1.31645203,-60.84950000
1.31683350,-59.19384000
1.31721497,-59.32422000
1.31759644,-61.23714000
1.31797791,-65.26553000
1.31835938,-67.60453000
1.31874084,-63.16848000
1.31912231,-61.27988000
1.31950378,-62.58914000
1.31988525,-63.94511000
1.32026672,-64.35456000
1.32064819,-65.75074000
1.32102966,-67.30559000
1.32141113,-75.24692000
1.32179260,-70.51038000
1.32217407,-65.19057000
1.32255554,-62.86782000
1.32293701,-66.30914000
1.32331848,-76.46536000
1.32369995,-64.26601000
1.32408142,-61.32961000
1.32446289,-59.57560000
1.32484436,-60.92018000
1.32522583,-65.01345000
1.32560730,-67.19595000
1.32598877,-67.68435000
1.32637024,-69.38820000
1.32675171,-85.79196000
1.32713318,-64.06590000
1.32751465,-59.27215000
1.32789612,-57.37433000
1.32827759,-57.64195000
1.32865906,-61.33553000
1.32904053,-63.77523000
1.32942200,-57.37263000
1.32980347,-55.61911000
1.33018494,-56.12117000
1.33056641,-56.69566000
1.33094788,-58.53561000
1.33132935,-62.29930000
1.33171082,-66.58692000
1.33209229,-68.69183000
1.33247375,-65.59310000
1.33285522,-61.67659000
1.33323669,-59.36935000
1.33361816,-60.46877000
1.33399963,-63.20194000
1.33438110,-66.61990000
1.33476257,-67.84904000
1.33514404,-68.86470000
1.33552551,-70.12442000
1.33590698,-64.54072000
1.33628845,-60.59150000
1.33666992,-62.10585000
1.33705139,-70.41192000
1.33743286,-60.14665000
1.33781433,-58.00810000
1.33819580,-62.59871000
1.33857727,-88.46400000
1.33895874,-67.23718000
1.33934021,-69.97870000
1.33972168,-66.36896000
1.34010315,-58.62347000
1.34048462,-56.34010000
1.34086609,-57.00200000
1.34124756,-59.08903000
1.34162903,-62.93084000
1.34201050,-71.74321000
1.34239197,-65.96721000
1.34277344,-65.26046000
1.34315491,-73.89439000
1.34353638,-68.27758000
1.34391785,-62.53603000
1.34429932,-60.41008000
1.34468079,-59.44708000
1.34506226,-58.95874000
1.34544373,-60.76413000
1.34582520,-72.26003000
1.34620667,-65.27190000
1.34658813,-62.04521000
1.34696960,-67.70793000
1.34735107,-73.85519000
1.34773254,-62.30264000
1.34811401,-59.03536000
1.34849548,-60.86345000
1.34887695,-62.92831000
1.34925842,-61.67549000
1.34963989,-60.60412000
1.35002136,-62.70745000
1.35040283,-74.82932000
1.35078430,-72.26444000
1.35116577,-75.85629000
1.35154724,-71.83999000
1.35192871,-75.73491000
1.35231018,-67.74535000
1.35269165,-67.27233000
1.35307312,-80.42106000
1.35345459,-66.16811000
1.35383606,-62.17651000
1.35421753,-62.48122000
1.35459900,-69.28923000
1.35498047,-67.56880000
1.35536194,-60.00038000
1.35574341,-59.51144000
1.35612488,-63.15626000
1.35650635,-63.27372000
1.35688782,-59.47845000
1.35726929,-59.64311000
1.35765076,-67.02552000
1.35803223,-60.68252000
1.35841370,-54.57024000
1.35879517,-53.38041000
1.35917664,-55.07241000
1.35955811,-58.80911000
1.35993958,-62.74349000
1.36032104,-64.05801000
1.36070251,-64.16614000
1.36108398,-65.26713000
1.36146545,-66.25403000
1.36184692,-67.43520000
1.36222839,-78.63267000
1.36260986,-69.16505000
1.36299133,-61.35340000
1.36337280,-59.13760000
1.36375427,-61.48016000
1.36413574,-69.34637000
1.36451721,-70.94963000
1.36489868,-63.40672000
1.36528015,-58.11520000
1.36566162,-57.66001000
1.36604309,-62.90613000
1.36642456,-74.72415000
1.36680603,-69.47421000
1.36718750,-60.26296000
1.36756897,-56.80924000
1.36795044,-57.79455000
1.36833191,-62.70846000
1.36871338,-72.10709000
1.36909485,-76.77644000
1.36947632,-63.01119000
1.36985779,-56.37340000
1.37023926,-53.65892000
1.37062073,-54.59276000
1.37100220,-57.94334000
1.37138367,-60.26558000
1.37176514,-59.27493000
1.37214661,-56.24346000
1.37252808,-54.06332000
1.37290955,-55.24633000
1.37329102,-61.21038000
1.37367249,-72.41115000
1.37405396,-70.12569000
1.37443542,-66.02742000
1.37481689,-72.63940000
1.37519836,-65.74403000
1.37557983,-62.59203000
1.37596130,-74.86938000
1.37634277,-61.84795000
1.37672424,-62.49071000
1.37710571,-71.60387000
1.37748718,-60.29030000
1.37786865,-61.92957000
1.37825012,-71.13332000
1.37863159,-84.72573000
1.37901306,-77.92027000
1.37939453,-69.98160000
1.37977600,-64.60456000
1.38015747,-63.53333000
1.38053894,-67.61086000
1.38092041,-71.42335000
1.38130188,-67.10403000
1.38168335,-63.82377000
1.38206482,-66.65565000
1.38244629,-74.94604000
1.38282776,-60.06813000
1.38320923,-56.62930000
1.38359070,-57.50905000
1.38397217,-59.81034000
1.38435364,-59.84458000
1.38473511,-60.97691000
1.38511658,-65.12862000
1.38549805,-67.42397000
1.38587952,-64.52949000
1.38626099,-67.91116000
1.38664246,-66.70190000
1.38702393,-65.79816000
1.38740540,-67.66322000
1.38778687,-61.88482000
1.38816833,-63.33342000
1.38854980,-69.82326000
1.38893127,-63.98937000
1.38931274,-60.79102000
1.38969421,-60.73895000
1.39007568,-63.42966000
1.39045715,-67.58333000
1.39083862,-71.54477000
1.39122009,-72.24188000
1.39160156,-69.04269000
1.39198303,-66.24324000
1.39236450,-63.02297000
1.39274597,-63.29739000
1.39312744,-64.08575000
1.39350891,-59.46880000
1.39389038,-58.01056000
1.39427185,-59.21489000
1.39465332,-61.51520000
1.39503479,-68.75011000
1.39541626,-67.20359000
1.39579773,-59.70295000
1.39617920,-58.33876000
1.39656067,-59.62698000
1.39694214,-63.07932000
1.39732361,-68.16457000
1.39770508,-68.04698000
1.39808655,-65.64457000
1.39846802,-66.54561000
1.39884949,-69.25517000
1.39923096,-72.13882000
1.39961243,-76.99998000
1.39999390,-72.46793000
1.40037537,-68.90990000
1.40075684,-71.74873000
1.40113831,-69.31924000
1.40151978,-62.09525000
1.40190125,-60.15028000
1.40228271,-60.08218000
1.40266418,-61.94356000
1.40304565,-65.95199000
1.40342712,-72.63737000
1.40380859,-72.58085000
1.40419006,-65.89899000
1.40457153,-70.34966000
1.40495300,-62.48621000
1.40533447,-60.35006000
1.40571594,-63.54400000
1.40609741,-64.78273000
1.40647888,-64.03677000
1.40686035,-68.74924000
1.40724182,-68.73459000
1.40762329,-64.45492000
1.40800476,-69.28474000
1.40838623,-72.91971000
1.40876770,-62.93192000
1.40914917,-57.81523000
1.40953064,-57.80933000
1.40991211,-60.40424000
1.41029358,-60.50524000
1.41067505,-59.12541000
1.41105652,-61.90166000
1.41143799,-70.89764000
1.41181946,-70.09284000
1.41220093,-75.48536000
1.41258240,-68.61975000
1.41296387,-60.65052000
1.41334534,-56.01022000
1.41372681,-54.26273000
1.41410828,-54.91874000
1.41448975,-57.41657000
1.41487122,-60.12584000
1.41525269,-61.71063000
1.41563416,-60.31319000
1.41601563,-59.11226000
1.41639709,-60.64301000
1.41677856,-64.63348000
1.41716003,-72.36626000
1.41754150,-77.54358000
1.41792297,-68.13783000
1.41830444,-59.66112000
1.41868591,-56.51078000
1.41906738,-56.26723000
1.41944885,-57.10292000
1.41983032,-58.27289000
1.42021179,-58.11288000
1.42059326,-58.17311000
1.42097473,-60.48905000
1.42135620,-63.35164000
1.42173767,-70.30266000
1.42211914,-66.35490000
1.42250061,-60.46956000
1.42288208,-61.99680000
1.42326355,-61.34658000
1.42364502,-59.57718000
1.42402649,-65.69923000
1.42440796,-70.11333000
1.42478943,-64.96886000
1.42517090,-65.31929000
1.42555237,-66.73827000
1.42593384,-70.17377000
1.42631531,-65.34038000
1.42669678,-60.10096000
1.42707825,-61.02348000
1.42745972,-70.14456000
1.42784119,-66.43272000
1.42822266,-67.15409000
1.42860413,-60.46967000
1.42898560,-58.99615000
1.42936707,-62.94155000
1.42974854,-64.38696000
1.43013000,-68.25327000
1.43051147,-63.83842000
1.43089294,-65.16462000
1.43127441,-72.35905000
1.43165588,-61.51666000
1.43203735,-58.68661000
1.43241882,-58.32158000
1.43280029,-59.26421000
1.43318176,-59.86901000
1.43356323,-61.29927000
1.43394470,-66.34422000
1.43432617,-69.59058000
1.43470764,-61.57389000
1.43508911,-59.93283000
1.43547058,-60.49348000
1.43585205,-61.20934000
1.43623352,-62.21297000
1.43661499,-63.12435000
1.43699646,-64.08504000
1.43737793,-61.29480000
1.43775940,-61.79801000
1.43814087,-67.12566000
1.43852234,-66.77380000
1.43890381,-61.61325000
1.43928528,-60.02547000
1.43966675,-68.39265000
1.44004822,-63.26078000
1.44042969,-56.63135000
1.44081116,-54.87194000
1.44119263,-56.14481000
1.44157410,-60.01961000
1.44195557,-64.36262000
1.44233704,-64.54613000
1.44271851,-63.44177000
1.44309998,-63.21217000
1.44348145,-63.90343000
1.44386292,-68.39510000
1.44424438,-67.52569000
1.44462585,-60.79526000
1.44500732,-57.66648000
1.44538879,-58.14389000
1.44577026,-62.38554000
1.44615173,-67.32572000
1.44653320,-66.72730000
1.44691467,-64.91200000
1.44729614,-60.41347000
1.44767761,-59.41398000
1.44805908,-64.27947000
1.44844055,-63.69569000
1.44882202,-59.33154000
1.44920349,-60.98999000
1.44958496,-65.86348000
1.44996643,-62.89249000
1.45034790,-62.30056000
1.45072937,-60.59221000
1.45111084,-59.18119000
1.45149231,-59.51536000
1.45187378,-61.51326000
1.45225525,-63.70017000
1.45263672,-64.99973000
1.45301819,-67.24471000
1.45339966,-69.74689000
1.45378113,-73.05060000
1.45416260,-71.42300000
1.45454407,-62.42080000
1.45492554,-60.59601000
1.45530701,-60.73792000
1.45568848,-60.20525000
1.45606995,-59.36438000
1.45645142,-59.28597000
1.45683289,-60.61694000
1.45721436,-62.73269000
1.45759583,-65.34869000
1.45797729,-62.75033000
1.45835876,-60.36356000
1.45874023,-62.58006000
1.45912170,-65.21634000
1.45950317,-67.15342000
1.45988464,-66.03450000
1.46026611,-64.22668000
1.46064758,-65.58873000
1.46102905,-65.38346000
1.46141052,-60.77412000
1.46179199,-56.29175000
1.46217346,-55.28818000
1.46255493,-57.45639000
1.46293640,-62.15222000
1.46331787,-65.70939000
1.46369934,-62.48783000
1.46408081,-60.29702000
1.46446228,-64.08125000
1.46484375,-73.71091000
1.46522522,-68.73103000
1.46560669,-76.13123000
1.46598816,-68.69402000
1.46636963,-60.49075000
1.46675110,-58.34451000
1.46713257,-58.91420000
1.46751404,-59.53281000
1.46789551,-59.38712000
1.46827698,-59.74441000
1.46865845,-61.74194000
1.46903992,-62.36721000
1.46942139,-61.86397000
1.46980286,-61.76057000
1.47018433,-61.35110000
1.47056580,-61.88508000
1.47094727,-65.30148000
1.47132874,-73.72376000
1.47171021,-80.81261000
1.47209167,-69.66552000
1.47247314,-65.31348000
1.47285461,-63.43204000
1.47323608,-61.59274000
1.47361755,-61.93646000
1.47399902,-66.98872000
1.47438049,-72.05167000
1.47476196,-71.53897000
1.47514343,-73.81076000
1.47552490,-67.73231000
1.47590637,-63.13264000
1.47628784,-62.40183000
1.47666931,-66.35414000
1.47705078,-77.06972000
1.47743225,-63.15232000
1.47781372,-60.50785000
1.47819519,-63.70110000
1.47857666,-63.71383000
1.47895813,-60.05874000
1.47933960,-60.74584000
1.47972107,-67.11089000
1.48010254,-71.67972000
1.48048401,-61.15467000
1.48086548,-57.80011000
1.48124695,-58.23325000
1.48162842,-60.25207000
1.48200989,-60.84327000
1.48239136,-61.30120000
1.48277283,-63.19738000
1.48315430,-65.51037000
1.48353577,-65.92288000
1.48391724,-63.61080000
1.48429871,-58.91516000
1.48468018,-55.89098000
1.48506165,-56.56650000
1.48544312,-61.00549000
1.48582458,-61.07559000
1.48620605,-59.39997000
1.48658752,-60.20562000
1.48696899,-61.00253000
1.48735046,-63.62532000
1.48773193,-78.34338000
1.48811340,-66.02272000
1.48849487,-60.20058000
1.48887634,-58.48580000
1.48925781,-58.08096000
1.48963928,-56.76696000
1.49002075,-56.25782000
1.49040222,-56.53254000
1.49078369,-58.60399000
1.49116516,-63.43344000
1.49154663,-67.08742000
1.49192810,-66.48962000
1.49230957,-62.56072000
1.49269104,-61.18620000
1.49307251,-62.65959000
1.49345398,-63.69150000
1.49383545,-61.00460000
1.49421692,-60.78167000
1.49459839,-61.05084000
1.49497986,-57.43679000
1.49536133,-54.48603000
1.49574280,-53.99214000
1.49612427,-55.84557000
1.49650574,-58.51257000
1.49688721,-60.71792000
1.49726868,-59.95708000
1.49765015,-60.05394000
1.49803162,-65.25682000
1.49841309,-76.23060000
1.49879456,-65.07181000
1.49917603,-57.89495000
1.49955750,-55.07469000
1.49993896,-56.73858000
1.50032043,-62.47662000
1.50070190,-67.21295000
1.50108337,-65.75303000
1.50146484,-66.26661000
1.50184631,-68.78277000
1.50222778,-60.91679000
1.50260925,-58.40214000
1.50299072,-62.92111000
1.50337219,-64.85931000
1.50375366,-60.00210000
1.50413513,-61.62663000
1.50451660,-66.08587000
1.50489807,-72.41098000
1.50527954,-76.00107000
1.50566101,-64.48065000
1.50604248,-60.03375000
1.50642395,-58.29822000
1.50680542,-58.68004000
1.50718689,-61.00505000
1.50756836,-61.92186000
1.50794983,-59.77792000
1.50833130,-58.69674000
1.50871277,-58.31980000
1.50909424,-59.10625000
1.50947571,-63.41542000
1.50985718,-78.41883000
1.51023865,-69.55606000
1.51062012,-64.27993000
1.51100159,-64.49268000
1.51138306,-70.71189000
1.51176453,-79.10181000
1.51214600,-77.01884000
1.51252747,-71.46889000
1.51290894,-65.49488000
1.51329041,-63.45974000
1.51367188,-64.64385000
1.51405334,-69.68736000
1.51443481,-73.46604000
1.51481628,-61.95059000
1.51519775,-60.34185000
1.51557922,-64.57639000
1.51596069,-79.04729000
1.51634216,-69.40794000
1.51672363,-75.76086000
1.51710510,-65.12620000
1.51748657,-59.23420000
1.51786804,-58.65244000
1.51824951,-59.51312000
1.51863098,-59.76674000
1.51901245,-59.60612000
1.51939392,-60.37901000
1.51977539,-63.38076000
1.52015686,-64.88187000
1.52053833,-65.09669000
1.52091980,-67.52578000
1.52130127,-60.75140000
1.52168274,-58.12496000
1.52206421,-60.48052000
1.52244568,-63.54358000
1.52282715,-64.58910000
1.52320862,-62.58125000
1.52359009,-61.62869000
1.52397156,-63.29958000
1.52435303,-62.97731000
1.52473450,-60.47152000
1.52511597,-59.06384000
1.52549744,-57.94772000
1.52587891,-57.63725000
1.52626038,-58.50461000
1.52664185,-58.48248000
1.52702332,-56.75818000
1.52740479,-55.02464000
1.52778625,-54.98897000
1.52816772,-56.07710000
1.52854919,-56.14215000
1.52893066,-57.24713000
1.52931213,-61.92099000
1.52969360,-66.77950000
1.53007507,-66.04579000
1.53045654,-59.77092000
1.53083801,-56.47066000
1.53121948,-56.22618000
1.53160095,-59.02005000
1.53198242,-63.71600000
1.53236389,-65.73828000
1.53274536,-64.35937000
1.53312683,-64.43907000
1.53350830,-67.91594000
1.53388977,-66.54485000
1.53427124,-62.70829000
1.53465271,-63.38218000
1.53503418,-67.55012000
1.53541565,-63.63424000
1.53579712,-60.56145000
1.53617859,-60.16694000
1.53656006,-60.41582000
1.53694153,-69.51263000
1.53732300,-64.94060000
1.53770447,-61.17917000
1.53808594,-66.00472000
1.53846741,-69.58045000
1.53884888,-62.22165000
1.53923035,-58.65825000
1.53961182,-57.58587000
1.53999329,-59.01679000
1.54037476,-63.52593000
1.54075623,-70.67033000
1.54113770,-68.32510000
1.54151917,-61.71996000
1.54190063,-60.74562000
1.54228210,-61.91490000
1.54266357,-60.01805000
1.54304504,-58.68096000
1.54342651,-58.58377000
1.54380798,-60.05787000
1.54418945,-62.02545000
1.54457092,-60.89447000
1.54495239,-57.62583000
1.54533386,-55.87145000
1.54571533,-56.85759000
1.54609680,-61.24731000
1.54647827,-70.41358000
1.54685974,-76.46228000
1.54724121,-66.08262000
1.54762268,-59.82956000
1.54800415,-55.66953000
1.54838562,-53.71275000
1.54876709,-54.55527000
1.54914856,-57.76024000
1.54953003,-61.77075000
1.54991150,-62.96704000
1.55029297,-62.90331000
1.55067444,-64.99409000
1.55105591,-74.37749000
1.55143738,-69.92594000
1.55181885,-68.79192000
1.55220032,-62.69584000
1.55258179,-59.11145000
1.55296326,-63.79442000
1.55334473,-65.84528000
1.55372620,-63.42334000
1.55410767,-68.66868000
1.55448914,-67.03090000
1.55487061,-69.86595000
1.55525208,-65.67599000
1.55563354,-59.37255000
1.55601501,-60.03696000
1.55639648,-65.06680000
1.55677795,-57.51688000
1.55715942,-55.80798000
1.55754089,-59.50819000
1.55792236,-63.13596000
1.55830383,-62.49414000
1.55868530,-74.63836000
1.55906677,-65.55195000
1.55944824,-60.24032000
1.55982971,-59.46671000
1.56021118,-57.99880000
1.56059265,-58.16825000
1.56097412,-63.72789000
1.56135559,-73.39500000
1.56173706,-72.86249000
1.56211853,-69.51782000
